,Symbol
0,A
1,AA
2,AACG
3,AADI
4,AAIC
5,AAL
6,AAMC
7,AAME
8,AAN
9,AAOI
10,AAON
11,AAP
12,AAPL
13,AAT
14,AATC
15,AAU
16,AAWW
17,AB
18,ABB
19,ABBV
20,ABC
21,ABCB
22,ABCL
23,ABCM
24,ABEO
25,ABEV
26,ABG
27,ABGI
28,ABIO
29,ABM
30,ABMD
31,ABNB
32,ABR
33,ABST
34,ABT
35,ABTX
36,ABUS
37,ABVC
38,AC
39,ACA
40,ACAD
41,ACAHU
42,ACB
43,ACBI
44,ACC
45,ACCD
46,ACCO
47,ACEL
48,ACER
49,ACET
50,ACEV
51,ACEVU
52,ACGL
53,ACGLO
54,ACH
55,ACHC
56,ACHR
57,ACHV
58,ACI
59,ACIU
60,ACIW
61,ACKIT
62,ACKIU
63,ACLS
64,ACM
65,ACMR
66,ACN
67,ACNB
68,ACOR
69,ACP
70,ACQRU
71,ACR
72,ACRE
73,ACRS
74,ACRX
75,ACST
76,ACTG
77,ACU
78,ACV
79,ACY
80,ADAG
81,ADAP
82,ADBE
83,ADC
84,ADCT
85,ADER
86,ADES
87,ADEX
88,ADI
89,ADIL
90,ADM
91,ADMA
92,ADMP
93,ADN
94,ADNT
95,ADOC
96,ADP
97,ADPT
98,ADS
99,ADSK
100,ADT
101,ADTN
102,ADTX
103,ADUS
104,ADV
105,ADVM
106,ADX
107,ADXN
108,ADXS
109,AE
110,AEAC
111,AEACU
112,AEE
113,AEF
114,AEFC
115,AEG
116,AEHL
117,AEHR
118,AEI
119,AEIS
120,AEL
121,AEM
122,AEMD
123,AENZ
124,AEO
125,AEP
126,AEPPL
127,AEPPZ
128,AER
129,AERI
130,AES
131,AESC
132,AESE
133,AEVA
134,AEY
135,AEYE
136,AEZS
137,AFB
138,AFBI
139,AFG
140,AFGB
141,AFGC
142,AFGD
143,AFGE
144,AFI
145,AFIB
146,AFIN
147,AFINO
148,AFINP
149,AFL
150,AFMD
151,AFRM
152,AFT
153,AFYA
154,AG
155,AGBA
156,AGCB
157,AGCO
158,AGD
159,AGE
160,AGEN
161,AGFS
162,AGFY
163,AGI
164,AGIL
165,AGIO
166,AGLE
167,AGM
168,AGMH
169,AGNC
170,AGNCM
171,AGNCN
172,AGNCO
173,AGNCP
174,AGO
175,AGR
176,AGRO
177,AGRX
178,AGS
179,AGTC
180,AGX
181,AGYS
182,AHCO
183,AHH
184,AHPI
185,AHT
186,AI
187,AIC
188,AIF
189,AIG
190,AIH
191,AIHS
192,AIKI
193,AIM
194,AIMC
195,AIN
196,AINC
197,AINV
198,AIO
199,AIR
200,AIRC
201,AIRG
202,AIRI
203,AIRT
204,AIRTP
205,AIT
206,AIV
207,AIZ
208,AIZN
209,AJG
210,AJRD
211,AJX
212,AJXA
213,AKAM
214,AKBA
215,AKIC
216,AKICU
217,AKR
218,AKRO
219,AKTS
220,AKTX
221,AKU
222,AKUS
223,AL
224,ALAC
225,ALACU
226,ALB
227,ALBO
228,ALC
229,ALCO
230,ALDX
231,ALE
232,ALEC
233,ALEX
234,ALG
235,ALGM
236,ALGN
237,ALGS
238,ALGT
239,ALIM
240,ALIT
241,ALJJ
242,ALK
243,ALKS
244,ALL
245,ALLE
246,ALLK
247,ALLO
248,ALLT
249,ALLY
250,ALNA
251,ALNY
252,ALOT
253,ALPN
254,ALPP
255,ALRM
256,ALRN
257,ALRS
258,ALSN
259,ALT
260,ALTG
261,ALTM
262,ALTO
263,ALTR
264,ALTU
265,ALTUU
266,ALTUW
267,ALV
268,ALVR
269,ALX
270,ALXO
271,ALYA
272,AM
273,AMAL
274,AMAT
275,AMBA
276,AMBC
277,AMBO
278,AMC
279,AMCR
280,AMCX
281,AMD
282,AME
283,AMED
284,AMEH
285,AMG
286,AMGN
287,AMH
288,AMK
289,AMKR
290,AMN
291,AMNB
292,AMOT
293,AMOV
294,AMP
295,AMPE
296,AMPG
297,AMPGW
298,AMPH
299,AMPY
300,AMR
301,AMRC
302,AMRK
303,AMRN
304,AMRS
305,AMRX
306,AMS
307,AMSC
308,AMSF
309,AMST
310,AMSWA
311,AMT
312,AMTB
313,AMTI
314,AMTX
315,AMWD
316,AMWL
317,AMX
318,AMYT
319,AMZN
320,AN
321,ANAB
322,ANAT
323,ANDE
324,ANET
325,ANF
326,ANGI
327,ANGN
328,ANGO
329,ANIK
330,ANIP
331,ANIX
332,ANNX
333,ANPC
334,ANSS
335,ANTE
336,ANTM
337,ANVS
338,ANY
339,ANZUU
340,AOD
341,AON
342,AOS
343,AOSL
344,AOUT
345,AP
346,APA
347,APAM
348,APD
349,APDN
350,APEI
351,APEN
352,APG
353,APH
354,API
355,APLE
356,APLS
357,APLT
358,APM
359,APO
360,APOG
361,APPF
362,APPH
363,APPN
364,APPS
365,APR
366,APRE
367,APRN
368,APSG
369,APT
370,APTO
371,APTS
372,APTV
373,APTX
374,APVO
375,APWC
376,APYX
377,AQB
378,AQMS
379,AQN
380,AQNA
381,AQNB
382,AQST
383,AQUA
384,AR
385,ARAV
386,ARAY
387,ARBE
388,ARBG
389,ARBGU
390,ARC
391,ARCB
392,ARCC
393,ARCE
394,ARCH
395,ARCO
396,ARCT
397,ARDC
398,ARDS
399,ARDX
400,ARE
401,AREC
402,ARES
403,ARGD
404,ARGO
405,ARGX
406,ARI
407,ARKO
408,ARKR
409,ARL
410,ARLO
411,ARLP
412,ARMK
413,ARMP
414,ARNA
415,ARNC
416,AROC
417,AROW
418,ARQT
419,ARR
420,ARRWU
421,ARRY
422,ARTL
423,ARTNA
424,ARTW
425,ARVL
426,ARVN
427,ARW
428,ARWR
429,ARYD
430,ASA
431,ASAI
432,ASAN
433,ASAQ
434,ASAXU
435,ASB
436,ASC
437,ASG
438,ASGI
439,ASGN
440,ASH
441,ASIX
442,ASLE
443,ASLN
444,ASM
445,ASMB
446,ASML
447,ASND
448,ASO
449,ASPCU
450,ASPN
451,ASPS
452,ASPU
453,ASR
454,ASRT
455,ASRV
456,ASTC
457,ASTE
458,ASTL
459,ASTR
460,ASTS
461,ASUR
462,ASX
463,ASXC
464,ASYS
465,ATA
466,ATAX
467,ATC
468,ATCO
469,ATCX
470,ATEC
471,ATEN
472,ATER
473,ATEX
474,ATGE
475,ATHA
476,ATHE
477,ATHM
478,ATHX
479,ATI
480,ATIF
481,ATIP
482,ATKR
483,ATLC
484,ATLO
485,ATNF
486,ATNI
487,ATNM
488,ATNX
489,ATO
490,ATOM
491,ATOS
492,ATR
493,ATRA
494,ATRC
495,ATRI
496,ATRO
497,ATRS
498,ATSG
499,ATTO
500,ATUS
501,ATVCU
502,ATVI
503,ATXI
504,ATXS
505,ATY
506,AU
507,AUB
508,AUBAP
509,AUBN
510,AUD
511,AUDC
512,AUMN
513,AUPH
514,AURCU
515,AUTL
516,AUTO
517,AUUD
518,AUVI
519,AUY
520,AVA
521,AVAL
522,AVAN
523,AVAV
524,AVB
525,AVCO
526,AVCT
527,AVD
528,AVDL
529,AVEO
530,AVGO
531,AVGOP
532,AVGR
533,AVID
534,AVIR
535,AVK
536,AVLR
537,AVNS
538,AVNT
539,AVNW
540,AVO
541,AVPT
542,AVRO
543,AVT
544,AVTR
545,AVTX
546,AVXL
547,AVY
548,AVYA
549,AWF
550,AWH
551,AWI
552,AWK
553,AWP
554,AWR
555,AWRE
556,AWX
557,AX
558,AXDX
559,AXGN
560,AXL
561,AXLA
562,AXNX
563,AXON
564,AXP
565,AXR
566,AXS
567,AXSM
568,AXTA
569,AXTI
570,AXU
571,AY
572,AYI
573,AYLA
574,AYRO
575,AYTU
576,AYX
577,AZEK
578,AZN
579,AZO
580,AZPN
581,AZRE
582,AZUL
583,AZYO
584,AZZ
585,B
586,BA
587,BABA
588,BAC
589,BAH
590,BAK
591,BALY
592,BAM
593,BAMH
594,BAMI
595,BANC
596,BAND
597,BANF
598,BANFP
599,BANR
600,BANX
601,BAOS
602,BAP
603,BARK
604,BATL
605,BATRA
606,BATRK
607,BAX
608,BB
609,BBAR
610,BBBY
611,BBCP
612,BBD
613,BBDC
614,BBDO
615,BBGI
616,BBI
617,BBIG
618,BBIO
619,BBL
620,BBN
621,BBQ
622,BBSI
623,BBU
624,BBVA
625,BBW
626,BBWI
627,BBY
628,BC
629,BCAB
630,BCAC
631,BCACU
632,BCACW
633,BCAT
634,BCBP
635,BCC
636,BCDA
637,BCE
638,BCEL
639,BCH
640,BCLI
641,BCML
642,BCO
643,BCOR
644,BCOV
645,BCOW
646,BCPC
647,BCRX
648,BCS
649,BCSF
650,BCTX
651,BCV
652,BCX
653,BCYC
654,BDC
655,BDJ
656,BDL
657,BDN
658,BDR
659,BDSI
660,BDSX
661,BDTX
662,BDX
663,BDXB
664,BE
665,BEAM
666,BECN
667,BEDU
668,BEEM
669,BEKE
670,BELFA
671,BELFB
672,BEN
673,BENE
674,BENER
675,BENEU
676,BENEW
677,BEP
678,BEPC
679,BERY
680,BEST
681,BFAM
682,BFC
683,BFI
684,BFIN
685,BFK
686,BFLY
687,BFRA
688,BFS
689,BFST
690,BFZ
691,BG
692,BGB
693,BGCP
694,BGFV
695,BGH
696,BGI
697,BGNE
698,BGR
699,BGRY
700,BGRYW
701,BGS
702,BGSF
703,BGT
704,BGX
705,BGY
706,BH
707,BHAT
708,BHB
709,BHC
710,BHE
711,BHF
712,BHFAL
713,BHFAN
714,BHFAO
715,BHFAP
716,BHIL
717,BHK
718,BHLB
719,BHP
720,BHR
721,BHSE
722,BHV
723,BHVN
724,BIDU
725,BIF
726,BIG
727,BIGC
728,BIIB
729,BILI
730,BILL
731,BIMI
732,BIO
733,BIOC
734,BIOL
735,BIOTU
736,BIOX
737,BIP
738,BIPC
739,BIT
740,BITF
741,BIVI
742,BJ
743,BJRI
744,BK
745,BKCC
746,BKD
747,BKE
748,BKEP
749,BKEPP
750,BKH
751,BKI
752,BKN
753,BKNG
754,BKR
755,BKSC
756,BKSY
757,BKT
758,BKTI
759,BKU
760,BKYI
761,BL
762,BLBD
763,BLBX
764,BLCM
765,BLCT
766,BLD
767,BLDE
768,BLDP
769,BLDR
770,BLE
771,BLFS
772,BLI
773,BLIN
774,BLK
775,BLKB
776,BLL
777,BLMN
778,BLNK
779,BLPH
780,BLRX
781,BLSA
782,BLTS
783,BLTSU
784,BLU
785,BLUE
786,BLW
787,BLX
788,BMA
789,BMBL
790,BME
791,BMEZ
792,BMI
793,BMO
794,BMRA
795,BMRC
796,BMRN
797,BMTX
798,BMY
799,BNED
800,BNFT
801,BNGO
802,BNL
803,BNR
804,BNS
805,BNSO
806,BNTC
807,BNTX
808,BNY
809,BOAC
810,BODY
811,BOE
812,BOH
813,BOKF
814,BOLT
815,BOMN
816,BOOM
817,BOOT
818,BORR
819,BOSC
820,BOTJ
821,BOX
822,BOXL
823,BP
824,BPMC
825,BPMP
826,BPOP
827,BPOPM
828,BPRN
829,BPT
830,BPTH
831,BPTS
832,BPYPN
833,BPYPO
834,BPYPP
835,BQ
836,BR
837,BRAG
838,BRBR
839,BRBS
840,BRC
841,BRCN
842,BRDS
843,BREZ
844,BRFS
845,BRG
846,BRID
847,BRKL
848,BRKR
849,BRLI
850,BRMK
851,BRN
852,BRO
853,BROG
854,BRP
855,BRPMU
856,BRQS
857,BRSP
858,BRT
859,BRTX
860,BRW
861,BRX
862,BRY
863,BSA
864,BSAC
865,BSBK
866,BSBR
867,BSET
868,BSFC
869,BSGM
870,BSIG
871,BSL
872,BSM
873,BSMX
874,BSQR
875,BSRR
876,BST
877,BSTZ
878,BSVN
879,BSX
880,BSY
881,BTA
882,BTAI
883,BTAQ
884,BTAQU
885,BTB
886,BTBT
887,BTCM
888,BTCS
889,BTCY
890,BTG
891,BTI
892,BTN
893,BTNB
894,BTO
895,BTRS
896,BTT
897,BTTR
898,BTU
899,BTWN
900,BTWNU
901,BTWNW
902,BTX
903,BTZ
904,BUD
905,BUI
906,BUR
907,BURL
908,BUSE
909,BV
910,BVH
911,BVN
912,BVS
913,BVXV
914,BW
915,BWA
916,BWAC
917,BWACU
918,BWAY
919,BWB
920,BWEN
921,BWFG
922,BWG
923,BWMX
924,BWSN
925,BWXT
926,BX
927,BXC
928,BXMT
929,BXMX
930,BXP
931,BXRX
932,BY
933,BYD
934,BYFC
935,BYM
936,BYND
937,BYRN
938,BYSI
939,BZH
940,BZUN
941,C
942,CAAP
943,CAAS
944,CABA
945,CABO
946,CAC
947,CACC
948,CACI
949,CADE
950,CAE
951,CAF
952,CAG
953,CAH
954,CAJ
955,CAKE
956,CAL
957,CALA
958,CALB
959,CALM
960,CALT
961,CALX
962,CAMP
963,CAMT
964,CAN
965,CANF
966,CANG
967,CANO
968,CAPL
969,CAPR
970,CAR
971,CARA
972,CARE
973,CARG
974,CARR
975,CARS
976,CARV
977,CAS
978,CASA
979,CASH
980,CASI
981,CASS
982,CASY
983,CAT
984,CATC
985,CATO
986,CATY
987,CB
988,CBAN
989,CBAT
990,CBAY
991,CBD
992,CBFV
993,CBH
994,CBIO
995,CBNK
996,CBOE
997,CBRE
998,CBRL
999,CBSH
1000,CBT
1001,CBTX
1002,CBU
1003,CBZ
1004,CC
1005,CCAC
1006,CCAP
1007,CCB
1008,CCBG
1009,CCCC
1010,CCCS
1011,CCD
1012,CCEL
1013,CCEP
1014,CCF
1015,CCI
1016,CCJ
1017,CCK
1018,CCL
1019,CCLP
1020,CCM
1021,CCMP
1022,CCNC
1023,CCNE
1024,CCNEP
1025,CCO
1026,CCOI
1027,CCRN
1028,CCS
1029,CCU
1030,CCV
1031,CCXI
1032,CCZ
1033,CD
1034,CDAK
1035,CDAY
1036,CDE
1037,CDEV
1038,CDK
1039,CDLX
1040,CDMO
1041,CDNA
1042,CDNS
1043,CDR
1044,CDTX
1045,CDW
1046,CDXC
1047,CDXS
1048,CDZI
1049,CE
1050,CEA
1051,CECE
1052,CEE
1053,CEI
1054,CEIX
1055,CELC
1056,CELH
1057,CELP
1058,CELU
1059,CEM
1060,CEMI
1061,CEN
1062,CENT
1063,CENTA
1064,CENX
1065,CEPU
1066,CEQP
1067,CERE
1068,CERN
1069,CERS
1070,CERT
1071,CET
1072,CETX
1073,CETXP
1074,CEV
1075,CEVA
1076,CF
1077,CFB
1078,CFBK
1079,CFFI
1080,CFFN
1081,CFG
1082,CFIV
1083,CFIVU
1084,CFIVW
1085,CFMS
1086,CFR
1087,CFRX
1088,CFVIU
1089,CFX
1090,CFXA
1091,CG
1092,CGA
1093,CGAU
1094,CGBD
1095,CGC
1096,CGEM
1097,CGEN
1098,CGNT
1099,CGNX
1100,CGO
1101,CGRN
1102,CHCI
1103,CHCO
1104,CHCT
1105,CHD
1106,CHDN
1107,CHE
1108,CHEF
1109,CHEK
1110,CHGG
1111,CHH
1112,CHI
1113,CHK
1114,CHKEL
1115,CHKEW
1116,CHKEZ
1117,CHKP
1118,CHMG
1119,CHMI
1120,CHN
1121,CHNG
1122,CHNGU
1123,CHNR
1124,CHPM
1125,CHPMU
1126,CHPT
1127,CHRA
1128,CHRS
1129,CHRW
1130,CHS
1131,CHSCL
1132,CHSCM
1133,CHSCN
1134,CHSCO
1135,CHSCP
1136,CHT
1137,CHTR
1138,CHUY
1139,CHW
1140,CHWY
1141,CHX
1142,CHY
1143,CI
1144,CIA
1145,CIB
1146,CIDM
1147,CIEN
1148,CIF
1149,CIFR
1150,CIG
1151,CIGI
1152,CIH
1153,CII
1154,CIK
1155,CIM
1156,CINF
1157,CINR
1158,CIO
1159,CIR
1160,CIT
1161,CIVB
1162,CIVI
1163,CIX
1164,CIXX
1165,CIZN
1166,CJJD
1167,CKPT
1168,CKX
1169,CL
1170,CLAR
1171,CLAS
1172,CLB
1173,CLBK
1174,CLBS
1175,CLBT
1176,CLDT
1177,CLDX
1178,CLEU
1179,CLF
1180,CLFD
1181,CLGN
1182,CLH
1183,CLIR
1184,CLLS
1185,CLM
1186,CLMT
1187,CLNE
1188,CLNN
1189,CLOV
1190,CLPR
1191,CLPS
1192,CLPT
1193,CLR
1194,CLRB
1195,CLRMU
1196,CLRO
1197,CLS
1198,CLSD
1199,CLSK
1200,CLSN
1201,CLVR
1202,CLVRW
1203,CLVS
1204,CLVT
1205,CLW
1206,CLWT
1207,CLX
1208,CLXT
1209,CM
1210,CMA
1211,CMAX
1212,CMBM
1213,CMC
1214,CMCL
1215,CMCM
1216,CMCO
1217,CMCSA
1218,CMCT
1219,CME
1220,CMG
1221,CMI
1222,CMLS
1223,CMMB
1224,CMP
1225,CMPI
1226,CMPR
1227,CMPS
1228,CMRE
1229,CMRX
1230,CMS
1231,CMSA
1232,CMSC
1233,CMSD
1234,CMT
1235,CMTL
1236,CMU
1237,CNA
1238,CNC
1239,CNCE
1240,CND
1241,CNDT
1242,CNET
1243,CNEY
1244,CNF
1245,CNFR
1246,CNFRL
1247,CNHI
1248,CNI
1249,CNK
1250,CNMD
1251,CNNB
1252,CNNE
1253,CNO
1254,CNOB
1255,CNP
1256,CNQ
1257,CNR
1258,CNS
1259,CNSL
1260,CNSP
1261,CNTG
1262,CNTY
1263,CNX
1264,CNXC
1265,CNXN
1266,CO
1267,COCP
1268,CODA
1269,CODI
1270,CODX
1271,COE
1272,COF
1273,COFS
1274,COGT
1275,COHN
1276,COHR
1277,COHU
1278,COKE
1279,COLB
1280,COLD
1281,COLIU
1282,COLL
1283,COLM
1284,COMM
1285,COMS
1286,CONE
1287,CONN
1288,CONX
1289,CONXU
1290,COO
1291,COOL
1292,COOLU
1293,COOLW
1294,COOP
1295,COP
1296,CORR
1297,CORT
1298,COST
1299,COTY
1300,COUP
1301,COVAU
1302,COWN
1303,COWNL
1304,CP
1305,CPA
1306,CPAC
1307,CPB
1308,CPE
1309,CPF
1310,CPG
1311,CPHC
1312,CPHI
1313,CPIX
1314,CPK
1315,CPLG
1316,CPLP
1317,CPRI
1318,CPRT
1319,CPRX
1320,CPS
1321,CPSH
1322,CPSI
1323,CPSR
1324,CPSS
1325,CPT
1326,CPTAG
1327,CPTAL
1328,CPZ
1329,CQP
1330,CR
1331,CRAI
1332,CRBP
1333,CRC
1334,CRDF
1335,CRDL
1336,CREG
1337,CRESY
1338,CREX
1339,CRF
1340,CRH
1341,CRHC
1342,CRI
1343,CRIS
1344,CRK
1345,CRKN
1346,CRL
1347,CRM
1348,CRMD
1349,CRMT
1350,CRNC
1351,CRNT
1352,CRNX
1353,CRON
1354,CROX
1355,CRS
1356,CRSP
1357,CRSR
1358,CRT
1359,CRTD
1360,CRTO
1361,CRTX
1362,CRU
1363,CRUS
1364,CRVL
1365,CRVS
1366,CRWD
1367,CRWS
1368,CRXT
1369,CRY
1370,CS
1371,CSAN
1372,CSBR
1373,CSCO
1374,CSCW
1375,CSGP
1376,CSGS
1377,CSII
1378,CSIQ
1379,CSL
1380,CSLT
1381,CSPI
1382,CSPR
1383,CSQ
1384,CSR
1385,CSSE
1386,CSSEN
1387,CSSEP
1388,CSTE
1389,CSTL
1390,CSTM
1391,CSTR
1392,CSV
1393,CSWC
1394,CSWI
1395,CSX
1396,CTAQ
1397,CTAQU
1398,CTAQW
1399,CTAS
1400,CTBB
1401,CTBI
1402,CTDD
1403,CTEK
1404,CTG
1405,CTGO
1406,CTHR
1407,CTIB
1408,CTIC
1409,CTK
1410,CTLP
1411,CTLT
1412,CTMX
1413,CTO
1414,CTOS
1415,CTR
1416,CTRA
1417,CTRE
1418,CTRM
1419,CTRN
1420,CTS
1421,CTSH
1422,CTSO
1423,CTT
1424,CTVA
1425,CTXR
1426,CTXS
1427,CUBA
1428,CUBB
1429,CUBE
1430,CUBI
1431,CUE
1432,CUEN
1433,CUK
1434,CULL
1435,CULP
1436,CURI
1437,CURO
1438,CUTR
1439,CUZ
1440,CVAC
1441,CVBF
1442,CVCO
1443,CVCY
1444,CVE
1445,CVEO
1446,CVET
1447,CVGI
1448,CVGW
1449,CVI
1450,CVLG
1451,CVLT
1452,CVLY
1453,CVM
1454,CVNA
1455,CVR
1456,CVS
1457,CVU
1458,CVV
1459,CVX
1460,CW
1461,CWBC
1462,CWBR
1463,CWCO
1464,CWEN
1465,CWH
1466,CWK
1467,CWST
1468,CWT
1469,CX
1470,CXDO
1471,CXE
1472,CXH
1473,CXW
1474,CYAD
1475,CYAN
1476,CYBE
1477,CYBN
1478,CYBR
1479,CYCC
1480,CYCN
1481,CYD
1482,CYH
1483,CYRN
1484,CYRX
1485,CYTH
1486,CYTHW
1487,CYTK
1488,CYTO
1489,CYXT
1490,CZNC
1491,CZOO
1492,CZR
1493,CZWI
1494,D
1495,DAC
1496,DADA
1497,DAIO
1498,DAKT
1499,DAL
1500,DAN
1501,DAO
1502,DAR
1503,DARE
1504,DASH
1505,DAVA
1506,DB
1507,DBD
1508,DBI
1509,DBL
1510,DBRG
1511,DBTX
1512,DBVT
1513,DBX
1514,DCBO
1515,DCF
1516,DCGO
1517,DCGOW
1518,DCI
1519,DCO
1520,DCOM
1521,DCOMP
1522,DCP
1523,DCPH
1524,DCT
1525,DCTH
1526,DCUE
1527,DD
1528,DDD
1529,DDF
1530,DDOG
1531,DDS
1532,DDT
1533,DE
1534,DEA
1535,DECK
1536,DEI
1537,DELL
1538,DEN
1539,DENN
1540,DEO
1541,DESP
1542,DEX
1543,DFFN
1544,DFH
1545,DFIN
1546,DFP
1547,DFS
1548,DG
1549,DGHI
1550,DGICA
1551,DGICB
1552,DGII
1553,DGLY
1554,DGX
1555,DHBCU
1556,DHC
1557,DHCAU
1558,DHCNI
1559,DHF
1560,DHHCU
1561,DHI
1562,DHIL
1563,DHR
1564,DHT
1565,DHX
1566,DHY
1567,DIAX
1568,DIN
1569,DIOD
1570,DIS
1571,DISCA
1572,DISCB
1573,DISCK
1574,DISH
1575,DIT
1576,DJCO
1577,DK
1578,DKL
1579,DKNG
1580,DKS
1581,DLA
1582,DLB
1583,DLCA
1584,DLCAU
1585,DLHC
1586,DLNG
1587,DLPN
1588,DLR
1589,DLTH
1590,DLTR
1591,DLX
1592,DLY
1593,DM
1594,DMAC
1595,DMB
1596,DMF
1597,DMLP
1598,DMO
1599,DMRC
1600,DMS
1601,DMTK
1602,DNB
1603,DNLI
1604,DNMR
1605,DNN
1606,DNOW
1607,DNP
1608,DOC
1609,DOCU
1610,DOGZ
1611,DOMA
1612,DOMO
1613,DOOO
1614,DOOR
1615,DORM
1616,DOV
1617,DOW
1618,DOX
1619,DOYU
1620,DPG
1621,DPRO
1622,DPZ
1623,DQ
1624,DRD
1625,DRE
1626,DRH
1627,DRI
1628,DRIO
1629,DRQ
1630,DRRX
1631,DRTT
1632,DRVN
1633,DS
1634,DSAC
1635,DSGX
1636,DSKE
1637,DSL
1638,DSM
1639,DSP
1640,DSS
1641,DSU
1642,DSWL
1643,DSX
1644,DT
1645,DTB
1646,DTE
1647,DTEA
1648,DTF
1649,DTIL
1650,DTP
1651,DTSS
1652,DTST
1653,DTW
1654,DUK
1655,DUKB
1656,DUNE
1657,DUNEU
1658,DUO
1659,DUOT
1660,DVA
1661,DVAX
1662,DVN
1663,DWIN
1664,DWSN
1665,DX
1666,DXC
1667,DXCM
1668,DXF
1669,DXLG
1670,DXPE
1671,DXR
1672,DXYN
1673,DY
1674,DYAI
1675,DYFN
1676,DYN
1677,DYNT
1678,DZSI
1679,E
1680,EA
1681,EAC
1682,EACPU
1683,EAD
1684,EAF
1685,EAR
1686,EARN
1687,EAST
1688,EAT
1689,EB
1690,EBAY
1691,EBC
1692,EBF
1693,EBIX
1694,EBMT
1695,EBON
1696,EBR
1697,EBS
1698,EBTC
1699,EC
1700,ECC           
1701,ECCB
1702,ECCY
1703,ECF
1704,ECL
1705,ECOL
1706,ECOM          
1707,ECOR
1708,ECPG
1709,ECVT
1710,ED
1711,EDAP
1712,EDD
1713,EDF
1714,EDI
1715,EDIT
1716,EDN
1717,EDRY
1718,EDSA
1719,EDTK
1720,EDTX
1721,EDU
1722,EDUC
1723,EEA
1724,EEFT
1725,EEX
1726,EFC
1727,EFL
1728,EFOI
1729,EFR
1730,EFSC
1731,EFT
1732,EFTR
1733,EFX
1734,EGAN
1735,EGBN
1736,EGF
1737,EGHT
1738,EGLE
1739,EGLX
1740,EGO
1741,EGP
1742,EGRX
1743,EGY
1744,EH
1745,EHC
1746,EHI
1747,EHTH
1748,EIC
1749,EIG
1750,EIGR
1751,EIM
1752,EIX
1753,EJFAU
1754,EKSO
1755,EL
1756,ELA
1757,ELAN
1758,ELAT
1759,ELC
1760,ELDN
1761,ELF
1762,ELLO
1763,ELMD
1764,ELMS
1765,ELOX
1766,ELP
1767,ELS
1768,ELSE
1769,ELTK
1770,ELVT
1771,ELY
1772,ELYS
1773,EMAN
1774,EMCF
1775,EMD
1776,EME
1777,EMF
1778,EMKR
1779,EML
1780,EMN
1781,EMO
1782,EMR
1783,EMX
1784,ENB
1785,ENBA
1786,ENDP
1787,ENG
1788,ENIA
1789,ENIC
1790,ENJ
1791,ENJY
1792,ENJYW
1793,ENLC
1794,ENLV
1795,ENNVU
1796,ENO
1797,ENOB
1798,ENPC
1799,ENPH
1800,ENR
1801,ENS
1802,ENSC
1803,ENSG
1804,ENSV
1805,ENTA
1806,ENTG
1807,ENTX
1808,ENV
1809,ENVA
1810,ENVB
1811,ENVIU
1812,ENVX
1813,ENX
1814,ENZ
1815,EOD
1816,EOG
1817,EOI
1818,EOLS
1819,EOS
1820,EOSE
1821,EOSEW
1822,EOT
1823,EPAC
1824,EPAM
1825,EPAY
1826,EPC
1827,EPD
1828,EPHY
1829,EPHYU
1830,EPIX
1831,EPM
1832,EPR
1833,EPRT
1834,EPSN
1835,EPWR
1836,EPZM
1837,EQ
1838,EQBK
1839,EQC
1840,EQD
1841,EQH
1842,EQIX
1843,EQNR
1844,EQOS
1845,EQR
1846,EQS
1847,EQT
1848,EQX
1849,ERC
1850,ERES
1851,ERESU
1852,ERF
1853,ERH
1854,ERIC
1855,ERIE
1856,ERII
1857,ERJ
1858,ERO
1859,ERYP
1860,ES
1861,ESBK
1862,ESCA
1863,ESE
1864,ESEA
1865,ESGC
1866,ESGR
1867,ESGRO
1868,ESGRP
1869,ESI
1870,ESLT
1871,ESNT
1872,ESP
1873,ESPR
1874,ESQ
1875,ESRT
1876,ESS
1877,ESSA
1878,ESSC
1879,ESSCU
1880,ESTA
1881,ESTC
1882,ESTE
1883,ET
1884,ETAC
1885,ETACU
1886,ETB
1887,ETD
1888,ETG
1889,ETJ
1890,ETN
1891,ETNB
1892,ETO
1893,ETON
1894,ETR
1895,ETRN
1896,ETSY
1897,ETTX
1898,ETV
1899,ETW
1900,ETWO
1901,ETX           
1902,ETY
1903,EUCR
1904,EUCRU
1905,EURN
1906,EVA
1907,EVAX
1908,EVBG
1909,EVBN
1910,EVC
1911,EVER
1912,EVF
1913,EVFM
1914,EVG
1915,EVGBC
1916,EVGN
1917,EVGO
1918,EVGOW
1919,EVH
1920,EVI
1921,EVK
1922,EVLO
1923,EVLV
1924,EVM
1925,EVN
1926,EVO
1927,EVOJU
1928,EVOK
1929,EVOL
1930,EVOP
1931,EVR
1932,EVRG
1933,EVRI
1934,EVT
1935,EVTC
1936,EVV
1937,EW
1938,EWBC
1939,EXAS
1940,EXC
1941,EXD
1942,EXEL
1943,EXG
1944,EXK
1945,EXLS
1946,EXN
1947,EXP
1948,EXPD
1949,EXPE
1950,EXPI
1951,EXPO
1952,EXPR
1953,EXR
1954,EXTN
1955,EXTR
1956,EYE
1957,EYEN
1958,EYES
1959,EYPT
1960,EZGO
1961,EZPW
1962,F
1963,FAF
1964,FAM
1965,FAMI
1966,FANG
1967,FANH
1968,FARM
1969,FARO
1970,FAST
1971,FAT
1972,FATBP
1973,FATE
1974,FAX
1975,FB
1976,FBC
1977,FBHS
1978,FBIO
1979,FBIOP
1980,FBIZ
1981,FBK
1982,FBMS
1983,FBNC
1984,FBP
1985,FBRX
1986,FC
1987,FCAP
1988,FCAX
1989,FCBC
1990,FCCO
1991,FCCY
1992,FCEL
1993,FCF
1994,FCFS
1995,FCN
1996,FCNCA
1997,FCNCP
1998,FCO
1999,FCPT
2000,FCRD
2001,FCT
2002,FCUV
2003,FCX
2004,FDBC
2005,FDEU
2006,FDMT
2007,FDP
2008,FDS
2009,FDUS
2010,FDX
2011,FE
2012,FEDU
2013,FEI           
2014,FEIM
2015,FELE
2016,FEN
2017,FENC
2018,FENG
2019,FEO
2020,FERG
2021,FET
2022,FF
2023,FFA
2024,FFBC
2025,FFBW
2026,FFC
2027,FFHL
2028,FFIC
2029,FFIE
2030,FFIN
2031,FFIV
2032,FFNW
2033,FFWM
2034,FGB
2035,FGBI
2036,FGEN
2037,FGF
2038,FGFPP
2039,FHB
2040,FHI
2041,FHN
2042,FHTX
2043,FIBK
2044,FICO
2045,FIF
2046,FINM
2047,FINMU
2048,FINS
2049,FINV
2050,FIS
2051,FISI
2052,FISV
2053,FITB
2054,FITBI
2055,FITBO
2056,FITBP
2057,FIVE
2058,FIVN
2059,FIX
2060,FIXX
2061,FIZZ
2062,FKWL
2063,FL
2064,FLAC
2065,FLACU
2066,FLACW
2067,FLC
2068,FLDM
2069,FLEX
2070,FLGT
2071,FLIC
2072,FLL
2073,FLMN
2074,FLNG
2075,FLNT
2076,FLO
2077,FLOW
2078,FLR
2079,FLS
2080,FLT
2081,FLUX
2082,FLWS
2083,FLXS
2084,FMAC
2085,FMAO
2086,FMBH
2087,FMBI
2088,FMBIO
2089,FMBIP
2090,FMC
2091,FMN
2092,FMNB
2093,FMO
2094,FMS
2095,FMTX
2096,FMX
2097,FMY
2098,FN
2099,FNB
2100,FNCB
2101,FND
2102,FNF
2103,FNHC
2104,FNKO
2105,FNLC
2106,FNV
2107,FNWB
2108,FNWD
2109,FOA
2110,FOCS
2111,FOE
2112,FOF
2113,FOLD
2114,FONR
2115,FOR
2116,FORA
2117,FORD
2118,FORM
2119,FORR
2120,FORTY
2121,FOSL
2122,FOUR
2123,FOX
2124,FOXA
2125,FOXF
2126,FOXW
2127,FPAC
2128,FPAY
2129,FPF
2130,FPH
2131,FPI
2132,FPL
2133,FR
2134,FRA
2135,FRAF
2136,FRBA
2137,FRBK
2138,FRC
2139,FRD
2140,FREE
2141,FREQ
2142,FREY
2143,FRG
2144,FRGAP
2145,FRGI
2146,FRHC
2147,FRLN
2148,FRME
2149,FRO
2150,FROG
2151,FRPH
2152,FRPT
2153,FRST
2154,FRSX
2155,FRT
2156,FRTA
2157,FSBW
2158,FSD
2159,FSEA
2160,FSFG
2161,FSI
2162,FSK
2163,FSLR
2164,FSLY
2165,FSM
2166,FSP
2167,FSR
2168,FSRXU
2169,FSS
2170,FSSIU
2171,FST
2172,FSTR
2173,FSTX
2174,FSV
2175,FT
2176,FTAI
2177,FTCH
2178,FTCV
2179,FTCVU
2180,FTCVW
2181,FTDR
2182,FTEK
2183,FTF
2184,FTFT
2185,FTHM
2186,FTHY
2187,FTI
2188,FTK
2189,FTNT
2190,FTRP
2191,FTS
2192,FTSI
2193,FTV
2194,FUBO
2195,FUL
2196,FULC
2197,FULT
2198,FULTP
2199,FUN
2200,FUNC
2201,FUND
2202,FURY
2203,FUSB
2204,FUSN
2205,FUTU
2206,FUV
2207,FVAM
2208,FVCB
2209,FVE
2210,FVRR
2211,FVT
2212,FWBI
2213,FWONA
2214,FWONK
2215,FWP
2216,FWRD
2217,FXNC
2218,G
2219,GAB
2220,GABC
2221,GAIA
2222,GAIN
2223,GAINN
2224,GALT
2225,GAM
2226,GAME
2227,GAN
2228,GASS
2229,GATO
2230,GATX
2231,GAU
2232,GB
2233,GBAB
2234,GBCI
2235,GBDC
2236,GBIO
2237,GBL
2238,GBLI
2239,GBNH
2240,GBNY
2241,GBOX
2242,GBR
2243,GBRGU
2244,GBS
2245,GBT
2246,GBX
2247,GCACU
2248,GCBC
2249,GCI
2250,GCMG
2251,GCO
2252,GCP
2253,GCV
2254,GD
2255,GDDY
2256,GDEN
2257,GDEV
2258,GDL
2259,GDO
2260,GDOT
2261,GDRX
2262,GDS
2263,GDV
2264,GDYN
2265,GE
2266,GECC
2267,GECCN
2268,GEF
2269,GEG
2270,GEL
2271,GENC
2272,GENE
2273,GENI
2274,GEO
2275,GEOS
2276,GER
2277,GERN
2278,GES
2279,GEVO
2280,GF
2281,GFED
2282,GFF
2283,GFI
2284,GFL
2285,GFLU
2286,GFX
2287,GGAL
2288,GGB
2289,GGG
2290,GGN
2291,GGT
2292,GGZ
2293,GH
2294,GHACU
2295,GHC
2296,GHG
2297,GHL
2298,GHLD
2299,GHM
2300,GHSI
2301,GHY
2302,GIB
2303,GIC
2304,GIFI
2305,GIGM
2306,GIII
2307,GIIXU
2308,GIL
2309,GILD
2310,GILT
2311,GIM
2312,GIS
2313,GJH
2314,GJP
2315,GJR
2316,GJS
2317,GJT
2318,GKOS
2319,GL
2320,GLAD
2321,GLAQ
2322,GLBLU
2323,GLBS
2324,GLBZ
2325,GLDD
2326,GLDG
2327,GLG
2328,GLMD
2329,GLNG
2330,GLO
2331,GLOB
2332,GLOP
2333,GLP
2334,GLPG
2335,GLPI
2336,GLQ
2337,GLRE
2338,GLSI
2339,GLT
2340,GLTO
2341,GLU
2342,GLV
2343,GLW
2344,GLYC
2345,GM
2346,GMAB
2347,GMBL
2348,GMBTU
2349,GMDA
2350,GME
2351,GMED
2352,GMIIU
2353,GMRE
2354,GMS
2355,GMTX
2356,GNACU
2357,GNCA
2358,GNE
2359,GNFT
2360,GNK
2361,GNL
2362,GNLN
2363,GNOG
2364,GNPX
2365,GNRC
2366,GNSS
2367,GNT
2368,GNTX
2369,GNTY
2370,GNUS
2371,GNW
2372,GO
2373,GOAC
2374,GOCO
2375,GOED
2376,GOEV
2377,GOF
2378,GOGL
2379,GOGO
2380,GOL
2381,GOLD
2382,GOLF
2383,GOOD
2384,GOODN
2385,GOOG
2386,GOOGL
2387,GOOS
2388,GORO
2389,GOSS
2390,GOTU
2391,GOVX
2392,GP
2393,GPAC
2394,GPACU
2395,GPC
2396,GPI
2397,GPJA
2398,GPK
2399,GPL
2400,GPMT
2401,GPN
2402,GPP
2403,GPRE
2404,GPRK
2405,GPRO
2406,GPS
2407,GRAY
2408,GRBK
2409,GRC
2410,GRCL
2411,GRCY
2412,GREE
2413,GRF
2414,GRFS
2415,GRIL
2416,GRIN
2417,GRMN
2418,GRNQ
2419,GROM
2420,GROW
2421,GROY
2422,GRPN
2423,GRTS
2424,GRTX
2425,GRUB
2426,GRVY
2427,GRWG
2428,GRX
2429,GS
2430,GSAQ
2431,GSAQU
2432,GSAT
2433,GSBC
2434,GSBD
2435,GSEVU
2436,GSHD
2437,GSIT
2438,GSK
2439,GSKY
2440,GSL
2441,GSLD
2442,GSM
2443,GSMG
2444,GSS
2445,GSV
2446,GT
2447,GTBP
2448,GTE
2449,GTEC
2450,GTES
2451,GTH
2452,GTHX
2453,GTIM
2454,GTLS
2455,GTN
2456,GTS
2457,GTX
2458,GTY
2459,GTYH
2460,GURE
2461,GUT
2462,GVA
2463,GVP
2464,GWB
2465,GWGH
2466,GWRE
2467,GWRS
2468,GWW
2469,GYRO
2470,H
2471,HA
2472,HAAC
2473,HAACU
2474,HAACW
2475,HAE
2476,HAFC
2477,HAIN
2478,HAL
2479,HALL
2480,HALO
2481,HAPP
2482,HARP
2483,HAS
2484,HASI
2485,HAYN
2486,HBAN
2487,HBANP
2488,HBB
2489,HBCP
2490,HBI
2491,HBIO
2492,HBM
2493,HBMD
2494,HBNC
2495,HBP
2496,HBT
2497,HCA
2498,HCAR
2499,HCARU
2500,HCAT
2501,HCC
2502,HCCC
2503,HCCCU
2504,HCCI
2505,HCDI
2506,HCI
2507,HCIC
2508,HCICU
2509,HCICW
2510,HCIIU
2511,HCKT
2512,HCM
2513,HCSG
2514,HCXY
2515,HD
2516,HDB
2517,HDSN
2518,HE
2519,HEAR
2520,HEES
2521,HEI
2522,HELE
2523,HEP
2524,HEPA
2525,HEQ
2526,HERAU
2527,HES
2528,HESM
2529,HEXO
2530,HFBL
2531,HFC
2532,HFFG
2533,HFRO
2534,HFWA
2535,HGBL
2536,HGEN
2537,HGH
2538,HGLB
2539,HGSH
2540,HGV
2541,HHC
2542,HHR
2543,HI
2544,HIBB
2545,HIE
2546,HIFS
2547,HIG
2548,HIGA
2549,HIHO
2550,HII
2551,HIIIU
2552,HIL
2553,HIMS
2554,HIMX
2555,HIO
2556,HIPO
2557,HITI
2558,HIVE
2559,HIW
2560,HIX
2561,HKIB
2562,HL
2563,HLAHU
2564,HLBZ
2565,HLF
2566,HLG
2567,HLI
2568,HLIO
2569,HLIT
2570,HLLY
2571,HLMN
2572,HLNE
2573,HLT
2574,HLX
2575,HLXA
2576,HMC
2577,HMCO
2578,HMCOU
2579,HMCOW
2580,HMG
2581,HMHC
2582,HMLP
2583,HMN
2584,HMNF
2585,HMPT
2586,HMST
2587,HMTV
2588,HMY
2589,HNGR
2590,HNI
2591,HNNA
2592,HNP
2593,HNRG
2594,HNW
2595,HOFT
2596,HOFV
2597,HOG
2598,HOLI
2599,HOLX
2600,HOMB
2601,HON
2602,HONE
2603,HOOK
2604,HOPE
2605,HOTH
2606,HOV
2607,HOVNP
2608,HP
2609,HPE
2610,HPF
2611,HPI
2612,HPK
2613,HPKEW
2614,HPP
2615,HPQ
2616,HPS
2617,HPX
2618,HQH
2619,HQI
2620,HQL
2621,HQY
2622,HR
2623,HRB
2624,HRI
2625,HRL
2626,HRMY
2627,HROW
2628,HRTG
2629,HRTX
2630,HRZN
2631,HSAQ
2632,HSBC
2633,HSC
2634,HSDT
2635,HSIC
2636,HSII
2637,HSKA
2638,HSON
2639,HST
2640,HSTM
2641,HSTO
2642,HSY
2643,HT
2644,HTA
2645,HTBI
2646,HTBK
2647,HTBX
2648,HTD
2649,HTGC
2650,HTGM
2651,HTH
2652,HTHT
2653,HTIA
2654,HTLD
2655,HTLF
2656,HTLFP
2657,HTOO
2658,HTOOW
2659,HTPA
2660,HTY
2661,HUBB
2662,HUBG
2663,HUBS
2664,HUDI
2665,HUGE
2666,HUIZ
2667,HUM
2668,HUMA
2669,HUN
2670,HURC
2671,HURN
2672,HUSA
2673,HUSN
2674,HUT
2675,HUYA
2676,HVBC
2677,HVT
2678,HWBK
2679,HWC
2680,HWCPZ
2681,HWKN
2682,HWM
2683,HXL
2684,HY
2685,HYACU
2686,HYB
2687,HYFM
2688,HYI
2689,HYLN
2690,HYMC
2691,HYMCL
2692,HYRE
2693,HYT
2694,HYZN
2695,HZN
2696,HZNP
2697,HZO
2698,HZON
2699,IAA
2700,IAC
2701,IAE
2702,IAF
2703,IAG
2704,IART
2705,IBA
2706,IBCP
2707,IBEX
2708,IBIO
2709,IBKR
2710,IBM
2711,IBN
2712,IBOC
2713,IBP
2714,IBRX
2715,IBTX
2716,ICAD
2717,ICCC
2718,ICCH
2719,ICD
2720,ICE
2721,ICFI
2722,ICHR
2723,ICL
2724,ICLK
2725,ICLR
2726,ICMB
2727,ICPT
2728,ICUI
2729,ID
2730,IDA
2731,IDBA
2732,IDCC
2733,IDE
2734,IDEX
2735,IDN
2736,IDRA
2737,IDT
2738,IDW
2739,IDXX
2740,IDYA
2741,IEA
2742,IEP
2743,IESC
2744,IEX
2745,IFF
2746,IFN
2747,IFRX
2748,IFS
2749,IGA
2750,IGAC
2751,IGACU
2752,IGC
2753,IGD
2754,IGI
2755,IGIC
2756,IGMS
2757,IGNYU
2758,IGR
2759,IGT
2760,IH
2761,IHC
2762,IHD
2763,IHG
2764,IHIT
2765,IHRT
2766,IHT
2767,IHTA
2768,IIF
2769,III
2770,IIII
2771,IIIIU
2772,IIIIW
2773,IIIN
2774,IIIV
2775,IIM
2776,IIN
2777,IIPR
2778,IIVI
2779,IIVIP
2780,IKT
2781,ILMN
2782,ILPT
2783,IMAB
2784,IMAC
2785,IMAX
2786,IMBI
2787,IMCC
2788,IMCR
2789,IMGN
2790,IMH
2791,IMKTA
2792,IMMP
2793,IMMR
2794,IMNM
2795,IMO
2796,IMOS
2797,IMPX
2798,IMRA
2799,IMRN
2800,IMTE
2801,IMTX
2802,IMUX
2803,IMV
2804,IMVT
2805,IMXI
2806,INBK
2807,INBKZ
2808,INBX
2809,INCR
2810,INCY
2811,INDB
2812,INDI
2813,INDO
2814,INDP
2815,INDT
2816,INFI
2817,INFN
2818,INFO
2819,INFU
2820,INFY
2821,ING
2822,INGN
2823,INGR
2824,INKA
2825,INKAU
2826,INM
2827,INMB
2828,INMD
2829,INN
2830,INNV
2831,INO
2832,INOD
2833,INPX
2834,INSE
2835,INSG
2836,INSI
2837,INSM
2838,INSP
2839,INSW
2840,INT
2841,INTC
2842,INTG
2843,INTT
2844,INTU
2845,INTZ
2846,INUV
2847,INVA
2848,INVE
2849,INVH
2850,INVO
2851,INVZ
2852,INZY
2853,IO
2854,IONM
2855,IONQ
2856,IONS
2857,IOR
2858,IOSP
2859,IOVA
2860,IP
2861,IPA
2862,IPAR
2863,IPDN
2864,IPG
2865,IPGP
2866,IPHA
2867,IPI
2868,IPOD
2869,IPOF
2870,IPVIU
2871,IPWR
2872,IQ
2873,IQI
2874,IQV
2875,IR
2876,IRBT
2877,IRCP
2878,IRDM
2879,IRIX
2880,IRL
2881,IRM
2882,IRMD
2883,IRNT
2884,IROQ
2885,IRS
2886,IRT
2887,IRTC
2888,IRWD
2889,IS
2890,ISBC
2891,ISD
2892,ISDR
2893,ISEE
2894,ISIG
2895,ISR
2896,ISRG
2897,ISSC
2898,ISTR
2899,ISUN
2900,IT
2901,ITCB
2902,ITCI
2903,ITGR
2904,ITHXU
2905,ITI
2906,ITIC
2907,ITOS
2908,ITP
2909,ITRG
2910,ITRI
2911,ITRM
2912,ITRN
2913,ITT
2914,ITUB
2915,ITW
2916,IVA
2917,IVAC
2918,IVC
2919,IVH
2920,IVR
2921,IVT
2922,IVZ
2923,IX
2924,IZEA
2925,J
2926,JACK
2927,JAGX
2928,JAKK
2929,JAMF
2930,JAN
2931,JAZZ
2932,JBGS
2933,JBHT
2934,JBI
2935,JBK
2936,JBL
2937,JBLU
2938,JBSS
2939,JBT
2940,JCE
2941,JCI
2942,JCICU
2943,JCO
2944,JCS
2945,JCTCF
2946,JD
2947,JEF
2948,JELD
2949,JEMD
2950,JEQ
2951,JFIN
2952,JFR
2953,JFU
2954,JG
2955,JGH
2956,JHAA
2957,JHG
2958,JHI
2959,JHS
2960,JHX
2961,JILL
2962,JJSF
2963,JKHY
2964,JKS
2965,JLL
2966,JLS
2967,JMIA
2968,JMM
2969,JNCE
2970,JNJ
2971,JNPR
2972,JOB
2973,JOBS
2974,JOBY
2975,JOE
2976,JOF
2977,JOFFU
2978,JOUT
2979,JP
2980,JPC
2981,JPI
2982,JPM
2983,JPS
2984,JPT
2985,JQC
2986,JRI
2987,JRJC
2988,JRO
2989,JRS
2990,JRSH
2991,JRVR
2992,JSD
2993,JSM
2994,JSPR
2995,JT
2996,JUPW
2997,JVA
2998,JWN
2999,JYAC
3000,JYNT
3001,K
3002,KAI
3003,KAIIU
3004,KAIR
3005,KAIRU
3006,KALA
3007,KALU
3008,KALV
3009,KAMN
3010,KAR
3011,KAVL
3012,KB
3013,KBAL
3014,KBH
3015,KBNT
3016,KBR
3017,KC
3018,KDNY
3019,KDP
3020,KE
3021,KELYA
3022,KELYB
3023,KEN
3024,KEP
3025,KEQU
3026,KERN
3027,KEX
3028,KEY
3029,KEYS
3030,KF
3031,KFFB
3032,KFRC
3033,KFS
3034,KFY
3035,KGC
3036,KHC
3037,KIDS
3038,KIIIU
3039,KIM
3040,KINS
3041,KINZ
3042,KINZU
3043,KIO
3044,KIQ
3045,KIRK
3046,KKR
3047,KL
3048,KLAC
3049,KLAQ
3050,KLAQU
3051,KLDO
3052,KLIC
3053,KLR
3054,KLXE
3055,KMB
3056,KMDA
3057,KMF
3058,KMI
3059,KMPH
3060,KMPR
3061,KMT
3062,KMX
3063,KN
3064,KNDI
3065,KNOP
3066,KNSA
3067,KNSL
3068,KNTE
3069,KNX
3070,KO
3071,KOD
3072,KODK
3073,KOF
3074,KOP
3075,KOPN
3076,KOR
3077,KORE
3078,KOS
3079,KOSS
3080,KPLT
3081,KPRX
3082,KPTI
3083,KR
3084,KRA
3085,KRBP
3086,KRC
3087,KREF
3088,KRG
3089,KRKR
3090,KRMD
3091,KRNLU
3092,KRNT
3093,KRNY
3094,KRO
3095,KRON
3096,KROS
3097,KRP
3098,KRTX
3099,KRUS
3100,KRYS
3101,KSM
3102,KSPN
3103,KSS
3104,KT
3105,KTB
3106,KTCC
3107,KTF
3108,KTH
3109,KTN
3110,KTOS
3111,KTRA
3112,KUKE
3113,KULR
3114,KURA
3115,KVHI
3116,KVSA
3117,KW
3118,KWAC
3119,KWR
3120,KXIN
3121,KYMR
3122,KYN
3123,KZIA
3124,KZR
3125,L
3126,LABP
3127,LAC
3128,LAD
3129,LADR
3130,LAIX
3131,LAKE
3132,LAMR
3133,LANC
3134,LAND
3135,LANDM
3136,LANDO
3137,LARK
3138,LASR
3139,LAUR
3140,LAWS
3141,LAZ
3142,LAZR
3143,LAZY
3144,LBAI
3145,LBC
3146,LBRDA
3147,LBRDK
3148,LBRDP
3149,LBRT
3150,LBTYA
3151,LBTYB
3152,LBTYK
3153,LC
3154,LCAP
3155,LCAPU
3156,LCI
3157,LCID
3158,LCII
3159,LCNB
3160,LCTX
3161,LCUT
3162,LDI
3163,LDOS
3164,LDP
3165,LE
3166,LEA
3167,LEAP
3168,LECO
3169,LEDS
3170,LEE
3171,LEG
3172,LEGH
3173,LEGN
3174,LEJU
3175,LEN
3176,LEO
3177,LESL
3178,LEU
3179,LEV
3180,LEVI
3181,LEVL
3182,LEVLP
3183,LEXX
3184,LFC
3185,LFG
3186,LFMD
3187,LFT
3188,LFTR
3189,LFTRU
3190,LFTRW
3191,LFUS
3192,LFVN
3193,LGACU
3194,LGHL
3195,LGI
3196,LGIH
3197,LGL
3198,LGND
3199,LGO
3200,LGVN
3201,LH
3202,LHAA
3203,LHC
3204,LHCG
3205,LHDX
3206,LHX
3207,LI
3208,LICY
3209,LIDR
3210,LIDRW
3211,LIFE
3212,LII
3213,LILA
3214,LILAK
3215,LILM
3216,LILMW
3217,LIN
3218,LINC
3219,LIND
3220,LINK
3221,LIQT
3222,LITB
3223,LITE
3224,LIVE
3225,LIVN
3226,LIXT
3227,LIXTW
3228,LIZI
3229,LJAQ
3230,LJAQU
3231,LJPC
3232,LKCO
3233,LKFN
3234,LKQ
3235,LL
3236,LLL
3237,LLNW
3238,LLY
3239,LMACU
3240,LMAOU
3241,LMAT
3242,LMB
3243,LMFA
3244,LMND
3245,LMNL
3246,LMNR
3247,LMPX
3248,LMST
3249,LMT
3250,LNC
3251,LND
3252,LNDC
3253,LNFA
3254,LNG
3255,LNN
3256,LNSR
3257,LNT
3258,LNTH
3259,LOAN
3260,LOB
3261,LOCO
3262,LODE
3263,LOGC
3264,LOGI
3265,LOMA
3266,LOOP
3267,LOPE
3268,LOTZ
3269,LOV
3270,LOVE
3271,LOW
3272,LPCN
3273,LPG
3274,LPI
3275,LPL
3276,LPLA
3277,LPRO
3278,LPSN
3279,LPTH
3280,LPTX
3281,LPX
3282,LQDA
3283,LQDT
3284,LRCX
3285,LRFC
3286,LRMR
3287,LRN
3288,LSBK
3289,LSCC
3290,LSEA
3291,LSF
3292,LSI
3293,LSPD
3294,LSTR
3295,LSXMA
3296,LSXMB
3297,LSXMK
3298,LTBR
3299,LTC
3300,LTCH
3301,LTCHW
3302,LTHM
3303,LTRN
3304,LTRPA
3305,LTRPB
3306,LTRX
3307,LTRY
3308,LU
3309,LUB
3310,LULU
3311,LUMN
3312,LUMO
3313,LUNA
3314,LUNG
3315,LUV
3316,LUXA
3317,LUXAU
3318,LUXAW
3319,LVO
3320,LVOX
3321,LVS
3322,LW
3323,LWAY
3324,LWLG
3325,LX
3326,LXEH
3327,LXFR
3328,LXP
3329,LXRX
3330,LXU
3331,LYB
3332,LYFT
3333,LYG
3334,LYL
3335,LYRA
3336,LYTS
3337,LYV
3338,LZB
3339,M
3340,MA
3341,MAA
3342,MAC
3343,MACAU
3344,MACK
3345,MAG
3346,MAIN
3347,MAN
3348,MANH
3349,MANT
3350,MANU
3351,MAPS
3352,MAR
3353,MARA
3354,MARK
3355,MARPS
3356,MAS
3357,MASI
3358,MASS
3359,MAT
3360,MATW
3361,MATX
3362,MAV
3363,MAX
3364,MAXN
3365,MAXR
3366,MAYS
3367,MBCN
3368,MBI
3369,MBII
3370,MBIN
3371,MBINO
3372,MBINP
3373,MBIO
3374,MBNKP
3375,MBOT
3376,MBRX
3377,MBT
3378,MBUU
3379,MBWM
3380,MC
3381,MCA
3382,MCB
3383,MCBC
3384,MCBS
3385,MCD
3386,MCFE
3387,MCFT
3388,MCHP
3389,MCHX
3390,MCI
3391,MCK
3392,MCLD
3393,MCMJ
3394,MCN
3395,MCO
3396,MCR
3397,MCRB
3398,MCRI
3399,MCS
3400,MCY
3401,MD
3402,MDB
3403,MDC
3404,MDGL
3405,MDGS
3406,MDIA
3407,MDJH
3408,MDLZ
3409,MDNA
3410,MDRR
3411,MDRRP
3412,MDRX
3413,MDT
3414,MDU
3415,MDVL
3416,MDWD
3417,MDWT
3418,MDXG
3419,ME
3420,MEC
3421,MED
3422,MEDP
3423,MEDS
3424,MEG
3425,MEI
3426,MEIP
3427,MELI
3428,MEOH
3429,MERC
3430,MESA
3431,MESO
3432,MET
3433,METC
3434,METX
3435,MFA
3436,MFC
3437,MFD
3438,MFG
3439,MFGP
3440,MFH
3441,MFIN
3442,MFL
3443,MFM
3444,MFV
3445,MG
3446,MGA
3447,MGEE
3448,MGF
3449,MGI
3450,MGIC
3451,MGLN
3452,MGM
3453,MGNI
3454,MGNX
3455,MGP
3456,MGPI
3457,MGR
3458,MGRB
3459,MGRC
3460,MGTA
3461,MGTX
3462,MGU
3463,MGY
3464,MGYR
3465,MHD
3466,MHF
3467,MHH
3468,MHI
3469,MHK
3470,MHLA
3471,MHLD
3472,MHN
3473,MHNC
3474,MHO
3475,MIC
3476,MICT
3477,MIDD
3478,MIGI
3479,MILE
3480,MIME
3481,MIMO
3482,MIN
3483,MIND
3484,MINDP
3485,MINM
3486,MIR
3487,MIRM
3488,MIST
3489,MITK
3490,MITO
3491,MITT
3492,MIXT
3493,MIY
3494,MKC
3495,MKD
3496,MKFG
3497,MKL
3498,MKSI
3499,MKTW
3500,MKTX
3501,ML
3502,MLAB
3503,MLAC
3504,MLACU
3505,MLCO
3506,MLI
3507,MLKN
3508,MLM
3509,MLP
3510,MLR
3511,MLSS
3512,MLVF
3513,MMAT
3514,MMC
3515,MMD
3516,MMI
3517,MMLP
3518,MMM
3519,MMP
3520,MMS
3521,MMSI
3522,MMT
3523,MMU
3524,MMX
3525,MMYT
3526,MN
3527,MNDO
3528,MNDT
3529,MNKD
3530,MNMD
3531,MNOV
3532,MNP
3533,MNPR
3534,MNR
3535,MNRL
3536,MNRO
3537,MNSB
3538,MNSBP
3539,MNSO
3540,MNST
3541,MNTK
3542,MNTS
3543,MNTV
3544,MNTX
3545,MO
3546,MOD
3547,MODN
3548,MODV
3549,MOFG
3550,MOGO
3551,MOGU
3552,MOH
3553,MOHO
3554,MOMO
3555,MONCU
3556,MOR
3557,MORF
3558,MORN
3559,MOS
3560,MOTS
3561,MOTV
3562,MOV
3563,MOXC
3564,MP
3565,MPA
3566,MPAA
3567,MPB
3568,MPC
3569,MPLN
3570,MPLX
3571,MPV
3572,MPW
3573,MPWR
3574,MPX
3575,MQT
3576,MQY
3577,MRAM
3578,MRBK
3579,MRC
3580,MRCC
3581,MRCY
3582,MREO
3583,MRIN
3584,MRK
3585,MRKR
3586,MRLN
3587,MRM
3588,MRNA
3589,MRNS
3590,MRO
3591,MRSN
3592,MRTN
3593,MRTX
3594,MRUS
3595,MRVI
3596,MRVL
3597,MS
3598,MSA
3599,MSB
3600,MSBI
3601,MSC
3602,MSCI
3603,MSD
3604,MSEX
3605,MSFT
3606,MSGE
3607,MSGM
3608,MSGS
3609,MSI
3610,MSM
3611,MSN
3612,MSP
3613,MSTR
3614,MSVB
3615,MT
3616,MTA
3617,MTAC
3618,MTACU
3619,MTACW
3620,MTB
3621,MTBC
3622,MTBCP
3623,MTC
3624,MTCH
3625,MTCN
3626,MTCR
3627,MTD
3628,MTDR
3629,MTEM
3630,MTEX
3631,MTG
3632,MTH
3633,MTL
3634,MTLS
3635,MTN
3636,MTNB
3637,MTOR
3638,MTP
3639,MTR
3640,MTRN
3641,MTRX
3642,MTSI
3643,MTTR
3644,MTW
3645,MTX
3646,MTZ
3647,MU
3648,MUA
3649,MUC
3650,MUDS
3651,MUDSU
3652,MUDSW
3653,MUE
3654,MUFG
3655,MUI
3656,MUJ
3657,MULN
3658,MUR
3659,MUSA
3660,MUX
3661,MVBF
3662,MVF
3663,MVIS
3664,MVO
3665,MVST
3666,MVT
3667,MWA
3668,MX
3669,MXC
3670,MXE
3671,MXF
3672,MXL
3673,MYC
3674,MYD
3675,MYE
3676,MYFW
3677,MYGN
3678,MYI
3679,MYJ
3680,MYMD
3681,MYN
3682,MYO
3683,MYOV
3684,MYPS
3685,MYPSW
3686,MYRG
3687,MYSZ
3688,MYTE
3689,NAACU
3690,NAC
3691,NAD
3692,NAII
3693,NAK
3694,NAN
3695,NAOV
3696,NARI
3697,NAT
3698,NATH
3699,NATI
3700,NATR
3701,NAUT
3702,NAVB
3703,NAVI
3704,NAZ
3705,NBB
3706,NBEV
3707,NBH
3708,NBHC
3709,NBIX
3710,NBN
3711,NBO
3712,NBR
3713,NBRV
3714,NBSE
3715,NBTB
3716,NBTX
3717,NBW
3718,NBY
3719,NC
3720,NCA
3721,NCBS
3722,NCLH
3723,NCMI
3724,NCNA
3725,NCNO
3726,NCR
3727,NCSM
3728,NCTY
3729,NCV
3730,NCZ
3731,NDACU
3732,NDAQ
3733,NDLS
3734,NDMO
3735,NDP
3736,NDRA
3737,NDSN
3738,NEA
3739,NECB
3740,NEE
3741,NEGG
3742,NEM
3743,NEN
3744,NEO
3745,NEOG
3746,NEON
3747,NEP
3748,NEPH
3749,NEPT
3750,NERV
3751,NES
3752,NESR
3753,NET
3754,NETI
3755,NEU
3756,NEV
3757,NEW
3758,NEWP
3759,NEWR
3760,NEWT
3761,NEWTL
3762,NEWTZ
3763,NEX
3764,NEXA
3765,NEXI
3766,NEXT
3767,NFBK
3768,NFE
3769,NFG
3770,NFGC
3771,NFH
3772,NFJ
3773,NFLX
3774,NG
3775,NGD
3776,NGG
3777,NGL
3778,NGM
3779,NGMS
3780,NGS
3781,NGVC
3782,NGVT
3783,NH
3784,NHC
3785,NHI
3786,NHS
3787,NHTC
3788,NI
3789,NICE
3790,NICK
3791,NID
3792,NIE
3793,NIM
3794,NINE
3795,NIO
3796,NIQ
3797,NISN
3798,NIU
3799,NJR
3800,NKE
3801,NKG
3802,NKLA
3803,NKSH
3804,NKTR
3805,NKTX
3806,NKX
3807,NL
3808,NLOK
3809,NLS
3810,NLSN
3811,NLSP
3812,NLSPW
3813,NLTX
3814,NLY
3815,NM
3816,NMCO
3817,NMFC
3818,NMG
3819,NMI
3820,NMIH
3821,NML
3822,NMM
3823,NMMC
3824,NMMCU
3825,NMR
3826,NMRD
3827,NMRK
3828,NMS
3829,NMT
3830,NMTC
3831,NMTR
3832,NMZ
3833,NN
3834,NNBR
3835,NNDM
3836,NNI
3837,NNN
3838,NNOX
3839,NNVC
3840,NNY
3841,NOA
3842,NOAC
3843,NOACU
3844,NOACW
3845,NOAH
3846,NOC
3847,NODK
3848,NOG
3849,NOK
3850,NOM
3851,NOMD
3852,NOTV
3853,NOV
3854,NOVA
3855,NOVN
3856,NOVT
3857,NOW
3858,NP
3859,NPK
3860,NPO
3861,NPTN
3862,NPV
3863,NQP
3864,NR
3865,NRACU
3866,NRBO
3867,NRC
3868,NRDY
3869,NREF
3870,NRG
3871,NRGX
3872,NRIM
3873,NRIX
3874,NRK
3875,NRO
3876,NRP
3877,NRT
3878,NRUC
3879,NRXP
3880,NRZ
3881,NS
3882,NSA
3883,NSC
3884,NSEC
3885,NSIT
3886,NSL
3887,NSP
3888,NSPR
3889,NSR
3890,NSS
3891,NSSC
3892,NSTB
3893,NSTG
3894,NSYS
3895,NTAP
3896,NTB
3897,NTCO
3898,NTCT
3899,NTES
3900,NTG
3901,NTGR
3902,NTIC
3903,NTIP
3904,NTLA
3905,NTNX
3906,NTP
3907,NTR
3908,NTRA
3909,NTRS
3910,NTRSO
3911,NTST
3912,NTUS
3913,NTWK
3914,NTZ
3915,NUAN
3916,NUE
3917,NUO
3918,NURO
3919,NUS
3920,NUV
3921,NUVA
3922,NUVB
3923,NUW
3924,NUWE
3925,NUZE
3926,NVAX
3927,NVCN
3928,NVCR
3929,NVDA
3930,NVEC
3931,NVEE
3932,NVEI
3933,NVFY
3934,NVG
3935,NVGS
3936,NVIV
3937,NVMI
3938,NVNO
3939,NVNOW
3940,NVO
3941,NVOS
3942,NVR
3943,NVRO
3944,NVS
3945,NVSAU
3946,NVST
3947,NVT
3948,NVTA
3949,NVVE
3950,NWBI
3951,NWE
3952,NWFL
3953,NWG
3954,NWL
3955,NWLI
3956,NWN
3957,NWPX
3958,NWS
3959,NWSA
3960,NX
3961,NXC
3962,NXDT
3963,NXE
3964,NXGN
3965,NXJ
3966,NXN
3967,NXP
3968,NXPI
3969,NXRT
3970,NXST
3971,NXTC
3972,NXTD
3973,NXTP
3974,NYC
3975,NYCB
3976,NYMT
3977,NYMTM
3978,NYMTN
3979,NYMX
3980,NYT
3981,NZF
3982,O
3983,OACB
3984,OAS
3985,OBAS
3986,OBCI
3987,OBLG
3988,OBNK
3989,OBSV
3990,OBT
3991,OC
3992,OCA
3993,OCAX
3994,OCC
3995,OCCI
3996,OCDX
3997,OCFC
3998,OCFCP
3999,OCFT
4000,OCG
4001,OCGN
4002,OCN
4003,OCSL
4004,OCUL
4005,OCUP
4006,OCX
4007,ODC
4008,ODFL
4009,ODP
4010,ODT
4011,OEC
4012,OEG
4013,OEPWU
4014,OESX
4015,OFC
4016,OFED
4017,OFG
4018,OFIX
4019,OFLX
4020,OFS
4021,OGE
4022,OGEN
4023,OGI
4024,OGS
4025,OHI
4026,OHPAU
4027,OI
4028,OIA
4029,OII
4030,OIIM
4031,OIS
4032,OKE
4033,OKTA
4034,OLB
4035,OLED
4036,OLLI
4037,OLMA
4038,OLN
4039,OLP
4040,OM
4041,OMAB
4042,OMC
4043,OMCL
4044,OMEG
4045,OMER
4046,OMEX
4047,OMF
4048,OMI
4049,OMP
4050,OMQS
4051,ON
4052,ONB
4053,ONCR
4054,ONCS
4055,ONCT
4056,ONCY
4057,ONDS
4058,ONEM
4059,ONEW
4060,ONTF
4061,ONTO
4062,ONTX
4063,ONVO
4064,OOMA
4065,OPAD
4066,OPBK
4067,OPCH
4068,OPEN
4069,OPFI
4070,OPGN
4071,OPHC
4072,OPI
4073,OPINL
4074,OPK
4075,OPNT
4076,OPOF
4077,OPP
4078,OPRA
4079,OPRT
4080,OPRX
4081,OPT
4082,OPTN
4083,OPTT
4084,OPY
4085,OR
4086,ORA
4087,ORAN
4088,ORC
4089,ORCC
4090,ORCL
4091,ORGN
4092,ORGO
4093,ORGS
4094,ORI
4095,ORIC
4096,ORLA
4097,ORLY
4098,ORMP
4099,ORN
4100,ORPH
4101,ORRF
4102,ORTX
4103,OSAT
4104,OSBC
4105,OSCR
4106,OSG
4107,OSH
4108,OSIS
4109,OSK
4110,OSMT
4111,OSPN
4112,OSS
4113,OSTK
4114,OSTRU
4115,OSUR
4116,OSW
4117,OTEX
4118,OTIC
4119,OTIS
4120,OTLK
4121,OTMO
4122,OTRA
4123,OTRK
4124,OTRKP
4125,OTTR
4126,OUST
4127,OUT
4128,OVBC
4129,OVID
4130,OVLY
4131,OVV
4132,OWL
4133,OWLT
4134,OXBR
4135,OXLC
4136,OXLCM
4137,OXLCP
4138,OXM
4139,OXSQ
4140,OXSQL
4141,OXSQZ
4142,OXY
4143,OYST
4144,OZK
4145,OZON
4146,PAA
4147,PAAS
4148,PAC
4149,PACB
4150,PACK
4151,PACW
4152,PACX
4153,PACXU
4154,PAE
4155,PAG
4156,PAGP
4157,PAGS
4158,PAHC
4159,PAI
4160,PAIC
4161,PALI
4162,PALT
4163,PAM
4164,PANL
4165,PANW
4166,PAQC
4167,PAQCU
4168,PAR
4169,PARR
4170,PASG
4171,PATI
4172,PATK
4173,PAVM
4174,PAX
4175,PAYA
4176,PAYC
4177,PAYO
4178,PAYS
4179,PAYX
4180,PB
4181,PBA
4182,PBCT
4183,PBCTP
4184,PBF
4185,PBFS
4186,PBFX
4187,PBH
4188,PBHC
4189,PBI
4190,PBIP
4191,PBLA
4192,PBPB
4193,PBR
4194,PBT
4195,PBTS
4196,PBYI
4197,PCAR
4198,PCB
4199,PCF
4200,PCG
4201,PCGU
4202,PCH
4203,PCK
4204,PCM
4205,PCN
4206,PCOM
4207,PCPC
4208,PCQ
4209,PCRX
4210,PCSA
4211,PCSB
4212,PCT
4213,PCTI
4214,PCTTU
4215,PCTY
4216,PCVX
4217,PCYG
4218,PCYO
4219,PD
4220,PDCE
4221,PDCO
4222,PDD
4223,PDEX
4224,PDFS
4225,PDI
4226,PDLB
4227,PDM
4228,PDO
4229,PDS
4230,PDSB
4231,PDT
4232,PEAK
4233,PEB
4234,PEBK
4235,PEBO
4236,PECO
4237,PED
4238,PEG
4239,PEGA
4240,PEI
4241,PEN
4242,PENN
4243,PEO
4244,PEP
4245,PERI
4246,PESI
4247,PETQ
4248,PETS
4249,PETV
4250,PETZ
4251,PFBC
4252,PFC
4253,PFD
4254,PFDRU
4255,PFE
4256,PFG
4257,PFGC
4258,PFH
4259,PFHD
4260,PFIE
4261,PFIN
4262,PFIS
4263,PFL
4264,PFLT
4265,PFMT
4266,PFN
4267,PFO
4268,PFS
4269,PFSI
4270,PFSW
4271,PFX
4272,PFXNL
4273,PG
4274,PGC
4275,PGEN
4276,PGNY
4277,PGP
4278,PGR
4279,PGRE
4280,PGRWU
4281,PGTI
4282,PGZ
4283,PH
4284,PHAR
4285,PHAS
4286,PHAT
4287,PHCF
4288,PHD
4289,PHG
4290,PHGE
4291,PHI
4292,PHIC
4293,PHICU
4294,PHICW
4295,PHIO
4296,PHK
4297,PHM
4298,PHR
4299,PHT
4300,PHUN
4301,PHVS
4302,PHX
4303,PI
4304,PIAI
4305,PII
4306,PIM
4307,PINC
4308,PINE
4309,PING
4310,PINS
4311,PIPP
4312,PIPR
4313,PIRS
4314,PIXY
4315,PJT
4316,PK
4317,PKBK
4318,PKE
4319,PKG
4320,PKI
4321,PKOH
4322,PKX
4323,PLAB
4324,PLAG
4325,PLAN
4326,PLAY
4327,PLBC
4328,PLBY
4329,PLCE
4330,PLD
4331,PLG
4332,PLIN
4333,PLL
4334,PLM
4335,PLMR
4336,PLNT
4337,PLOW
4338,PLPC
4339,PLRX
4340,PLSE
4341,PLTK
4342,PLTR
4343,PLUG
4344,PLUS
4345,PLX
4346,PLXP
4347,PLXS
4348,PLYA
4349,PLYM
4350,PM
4351,PMCB
4352,PMD
4353,PME
4354,PMF
4355,PMGMU
4356,PML
4357,PMM
4358,PMO
4359,PMT
4360,PMTS
4361,PMVC
4362,PMVP
4363,PMX
4364,PNBK
4365,PNC
4366,PNF
4367,PNFP
4368,PNFPP
4369,PNI
4370,PNM
4371,PNNT
4372,PNR
4373,PNRG
4374,PNT
4375,PNTG
4376,PNTM
4377,PNW
4378,POAI
4379,PODD
4380,POLA
4381,POLY
4382,POOL
4383,POR
4384,POSH
4385,POST
4386,POW
4387,POWI
4388,POWL
4389,POWRU
4390,POWW
4391,PPBI
4392,PPBT
4393,PPC
4394,PPG
4395,PPGH
4396,PPGHU
4397,PPIH
4398,PPL
4399,PPSI
4400,PPT
4401,PPTA
4402,PRA
4403,PRAA
4404,PRAX
4405,PRCH
4406,PRDO
4407,PRFT
4408,PRFX
4409,PRG
4410,PRGO
4411,PRGS
4412,PRI
4413,PRIM
4414,PRK
4415,PRLB
4416,PRLD
4417,PRMW
4418,PRO
4419,PROC
4420,PROF
4421,PROG
4422,PROV
4423,PRPB
4424,PRPH
4425,PRPL
4426,PRPO
4427,PRQR
4428,PRS
4429,PRSR
4430,PRSRU
4431,PRT
4432,PRTA
4433,PRTC
4434,PRTG
4435,PRTH
4436,PRTK
4437,PRTS
4438,PRTY
4439,PRU
4440,PRVB
4441,PSA
4442,PSAGU
4443,PSB
4444,PSEC
4445,PSF
4446,PSFE
4447,PSHG
4448,PSMT
4449,PSN
4450,PSNL
4451,PSO
4452,PSTG
4453,PSTH
4454,PSTI
4455,PSTL
4456,PSTV
4457,PSTX
4458,PSX
4459,PSXP
4460,PT
4461,PTA
4462,PTC
4463,PTCT
4464,PTE
4465,PTEN
4466,PTGX
4467,PTIC
4468,PTICU
4469,PTICW
4470,PTMN
4471,PTN
4472,PTNR
4473,PTON
4474,PTPI
4475,PTR
4476,PTRA
4477,PTRS
4478,PTSI
4479,PTVE
4480,PTY
4481,PUBM
4482,PUCKU
4483,PUK
4484,PULM
4485,PUMP
4486,PUYI
4487,PVBC
4488,PVG
4489,PVH
4490,PVL
4491,PW
4492,PWFL
4493,PWOD
4494,PWP
4495,PWR
4496,PXD
4497,PXLW
4498,PXS
4499,PXSAP
4500,PYN
4501,PYPD
4502,PYPL
4503,PYR
4504,PYS
4505,PYT
4506,PZC
4507,PZG
4508,PZN
4509,PZZA
4510,QCOM
4511,QCRH
4512,QD
4513,QDEL
4514,QFIN
4515,QGEN
4516,QH
4517,QIPT
4518,QIWI
4519,QK
4520,QLGN
4521,QLI
4522,QLYS
4523,QMCO
4524,QNRX
4525,QNST
4526,QQQX
4527,QRHC
4528,QRTEA
4529,QRTEB
4530,QRTEP
4531,QRVO
4532,QS
4533,QSI
4534,QSR
4535,QTNT
4536,QTRX
4537,QTT
4538,QTWO
4539,QUAD
4540,QUBT
4541,QUIK
4542,QUMU
4543,QUOT
4544,QURE
4545,QVCC
4546,QVCD
4547,R
4548,RA
4549,RAAS
4550,RACE
4551,RAD
4552,RADA
4553,RADI
4554,RAIL
4555,RAMP
4556,RAND
4557,RAPT
4558,RARE
4559,RAVE
4560,RBA
4561,RBAC
4562,RBB
4563,RBBN
4564,RBCAA
4565,RBCN
4566,RBKB
4567,RBOT
4568,RC
4569,RCAT
4570,RCB
4571,RCC
4572,RCEL
4573,RCG
4574,RCHG
4575,RCHGU
4576,RCI
4577,RCII
4578,RCKT
4579,RCKY
4580,RCL
4581,RCLFU
4582,RCM
4583,RCMT
4584,RCON
4585,RCOR
4586,RCRT
4587,RCS
4588,RCUS
4589,RDBX
4590,RDCM
4591,RDFN
4592,RDHL
4593,RDI
4594,RDIB
4595,RDN
4596,RDNT
4597,RDUS
4598,RDVT
4599,RDW
4600,RDWR
4601,RDY
4602,RE
4603,REAL
4604,REAX
4605,REDU
4606,REE
4607,REEAW
4608,REED
4609,REFR
4610,REG
4611,REGI
4612,REGN
4613,REI
4614,REKR
4615,RELI
4616,RELL
4617,RELX
4618,RENN
4619,REPH
4620,REPL
4621,REPX
4622,RES
4623,RESN
4624,RETA
4625,RETO
4626,REV
4627,REVG
4628,REX
4629,REXR
4630,REYN
4631,REZI
4632,RF
4633,RFI
4634,RFIL
4635,RFL
4636,RFM
4637,RFMZ
4638,RFP
4639,RGA
4640,RGCO
4641,RGEN
4642,RGLD
4643,RGLS
4644,RGNX
4645,RGP
4646,RGR
4647,RGS
4648,RGT
4649,RH
4650,RHE
4651,RHI
4652,RHP
4653,RIBT
4654,RICK
4655,RIDE
4656,RIG
4657,RIGL
4658,RILY
4659,RILYL
4660,RILYM
4661,RILYN
4662,RILYO
4663,RILYP
4664,RILYT
4665,RIO
4666,RIOT
4667,RIV
4668,RJF
4669,RKDA
4670,RKLB
4671,RKLY
4672,RKT
4673,RL
4674,RLAY
4675,RLGT
4676,RLGY
4677,RLI
4678,RLJ
4679,RLMD
4680,RLX
4681,RM
4682,RMAX
4683,RMBI
4684,RMBL
4685,RMBS
4686,RMCF
4687,RMD
4688,RMED
4689,RMI
4690,RMM
4691,RMNI
4692,RMO
4693,RMR
4694,RMT
4695,RMTI
4696,RNA
4697,RNDB
4698,RNG
4699,RNGR
4700,RNLX
4701,RNP
4702,RNR
4703,RNST
4704,RNW
4705,RNWK
4706,RNWWW
4707,ROAD
4708,ROCC
4709,ROCK
4710,ROG
4711,ROIC
4712,ROIV
4713,ROK
4714,ROKU
4715,ROL
4716,ROLL
4717,ROOT
4718,ROP
4719,ROST
4720,ROVR
4721,RPAY
4722,RPD
4723,RPM
4724,RPRX
4725,RPT
4726,RPTX
4727,RQI
4728,RRBI
4729,RRC
4730,RRD
4731,RRGB
4732,RRR
4733,RRX
4734,RS
4735,RSF
4736,RSG
4737,RSI
4738,RSLS
4739,RSSS
4740,RSVR
4741,RSVRW
4742,RTLR
4743,RTX
4744,RUBY
4745,RUN
4746,RUSHA
4747,RUSHB
4748,RUTH
4749,RVI
4750,RVLV
4751,RVMD
4752,RVNC
4753,RVP
4754,RVPH
4755,RVSB
4756,RVT
4757,RWLK
4758,RWT
4759,RXRAU
4760,RXT
4761,RY
4762,RYAAY
4763,RYAM
4764,RYB
4765,RYI
4766,RYN
4767,RYTM
4768,RZA
4769,RZB
4770,RZLT
4771,SA
4772,SABR
4773,SABRP
4774,SABS
4775,SACC
4776,SACH
4777,SAFE
4778,SAFM
4779,SAFT
4780,SAGE
4781,SAH
4782,SAIA
4783,SAIC
4784,SAIL
4785,SAK
4786,SAL
4787,SALM
4788,SAM
4789,SAMG
4790,SAN
4791,SANA
4792,SAND          
4793,SANM
4794,SANW
4795,SAP
4796,SAR
4797,SASR
4798,SATS
4799,SAVA
4800,SAVE
4801,SB
4802,SBAC
4803,SBBA
4804,SBCF
4805,SBET
4806,SBEV
4807,SBFG
4808,SBGI
4809,SBH
4810,SBI
4811,SBLK
4812,SBNY
4813,SBNYP
4814,SBOW
4815,SBR
4816,SBRA
4817,SBS
4818,SBSI
4819,SBSW
4820,SBT
4821,SBTX
4822,SBUX
4823,SC
4824,SCCB
4825,SCCC
4826,SCCO
4827,SCD
4828,SCHL
4829,SCHN
4830,SCHW
4831,SCI
4832,SCKT
4833,SCL
4834,SCLEU
4835,SCM
4836,SCOA
4837,SCOAU
4838,SCOAW
4839,SCOBU
4840,SCOR
4841,SCPH
4842,SCPL
4843,SCPS
4844,SCS
4845,SCSC
4846,SCU
4847,SCVL
4848,SCVX
4849,SCWX
4850,SCX
4851,SCYX
4852,SD
4853,SDACU
4854,SDC
4855,SDGR
4856,SDH
4857,SDHY
4858,SDPI
4859,SE
4860,SEAC
4861,SEAH
4862,SEAS
4863,SEB
4864,SECO
4865,SEDG
4866,SEE
4867,SEED
4868,SEEL
4869,SEER
4870,SEIC
4871,SELB
4872,SELF
4873,SEM
4874,SENEA
4875,SENEB
4876,SENS
4877,SESN
4878,SEVN
4879,SF
4880,SFBC
4881,SFBS
4882,SFE
4883,SFET
4884,SFIX
4885,SFL
4886,SFM
4887,SFNC
4888,SFST
4889,SFT
4890,SFUN
4891,SGA
4892,SGBX
4893,SGC
4894,SGEN
4895,SGFY
4896,SGH
4897,SGLB
4898,SGMA
4899,SGML
4900,SGMO
4901,SGMS
4902,SGRP
4903,SGRY
4904,SGTX
4905,SGU
4906,SHACU
4907,SHAK
4908,SHBI
4909,SHC
4910,SHCR
4911,SHCRW
4912,SHEN
4913,SHG
4914,SHI
4915,SHIP
4916,SHLS
4917,SHLX
4918,SHO
4919,SHOO
4920,SHOP
4921,SHPW
4922,SHW
4923,SHYF
4924,SI
4925,SIBN
4926,SID
4927,SIEB
4928,SIEN
4929,SIF
4930,SIFY
4931,SIG
4932,SIGA
4933,SIGI
4934,SIGIP
4935,SII
4936,SILC
4937,SILK
4938,SILV
4939,SIM
4940,SIMO
4941,SINO
4942,SINT
4943,SIOX
4944,SIRI
4945,SISI
4946,SITC
4947,SITE
4948,SITM
4949,SIVB
4950,SIVBP
4951,SIX
4952,SJ
4953,SJI
4954,SJIJ
4955,SJM
4956,SJR
4957,SJT
4958,SJW
4959,SKE
4960,SKIL
4961,SKIN
4962,SKLZ
4963,SKM
4964,SKT
4965,SKX
4966,SKY
4967,SKYW
4968,SLAB
4969,SLAMU
4970,SLB
4971,SLCA
4972,SLCRU
4973,SLDB
4974,SLF
4975,SLG
4976,SLGG
4977,SLGL
4978,SLGN
4979,SLHG
4980,SLI
4981,SLM
4982,SLMBP
4983,SLN
4984,SLNG
4985,SLNH
4986,SLNO
4987,SLP
4988,SLQT
4989,SLRC
4990,SLRX
4991,SLS
4992,SM
4993,SMAR
4994,SMBC
4995,SMBK
4996,SMCI
4997,SMED
4998,SMFG
4999,SMFR
5000,SMG
5001,SMHI
5002,SMID
5003,SMIT
5004,SMLP
5005,SMLR
5006,SMM
5007,SMMF
5008,SMMT
5009,SMP
5010,SMPL
5011,SMSI
5012,SMTC
5013,SMTI
5014,SMTS
5015,SNA
5016,SNAP
5017,SNAX
5018,SNBR
5019,SNCE
5020,SNCR
5021,SND
5022,SNDA
5023,SNDL
5024,SNDR
5025,SNDX
5026,SNES
5027,SNEX
5028,SNFCA
5029,SNGX
5030,SNMP
5031,SNN
5032,SNOA
5033,SNOW
5034,SNP
5035,SNPS
5036,SNPX
5037,SNRH
5038,SNRHU
5039,SNSE
5040,SNT
5041,SNV
5042,SNX
5043,SNY
5044,SO
5045,SOFI
5046,SOHO
5047,SOHOB
5048,SOHON
5049,SOHOO
5050,SOHU
5051,SOI
5052,SOJC
5053,SOJD
5054,SOJE
5055,SOL
5056,SOLN
5057,SOLO
5058,SON
5059,SONM
5060,SONN
5061,SONO
5062,SONY
5063,SOR
5064,SOS
5065,SOTK
5066,SP
5067,SPB
5068,SPCB
5069,SPCE
5070,SPE
5071,SPFI
5072,SPG
5073,SPGI
5074,SPH
5075,SPI
5076,SPIR
5077,SPLK
5078,SPLP
5079,SPNE
5080,SPNS
5081,SPNT
5082,SPOK
5083,SPOT
5084,SPPI
5085,SPR
5086,SPRB
5087,SPRO
5088,SPSC
5089,SPT
5090,SPTKU
5091,SPTN
5092,SPWH
5093,SPWR
5094,SPXC
5095,SPXX
5096,SQ
5097,SQFT
5098,SQM
5099,SQNS
5100,SQZ
5101,SR
5102,SRAX
5103,SRC
5104,SRCE
5105,SRCL
5106,SRDX
5107,SRE
5108,SREA
5109,SREV
5110,SRG
5111,SRGA
5112,SRI
5113,SRL
5114,SRLP
5115,SRNE
5116,SRPT
5117,SRRA
5118,SRRK
5119,SRSA
5120,SRSAU
5121,SRSAW
5122,SRT
5123,SRTS
5124,SRV
5125,SSAAU
5126,SSB
5127,SSBI
5128,SSD
5129,SSKN
5130,SSL
5131,SSNC
5132,SSNT
5133,SSP
5134,SSRM
5135,SSSS
5136,SSTI
5137,SSTK
5138,SSY
5139,SSYS
5140,ST
5141,STAA
5142,STAB
5143,STAF
5144,STAG
5145,STAR          
5146,STBA
5147,STC
5148,STCN
5149,STE
5150,STEM
5151,STEP
5152,STFC
5153,STG
5154,STGW
5155,STIM
5156,STK
5157,STKL
5158,STKS
5159,STL
5160,STLA
5161,STLD
5162,STM
5163,STN
5164,STNE
5165,STNG
5166,STOK
5167,STON
5168,STOR
5169,STRA
5170,STRL
5171,STRM
5172,STRO
5173,STRR
5174,STRRP
5175,STRS
5176,STRT
5177,STSA
5178,STT
5179,STTK
5180,STWD
5181,STX
5182,STXB
5183,STXS
5184,STZ
5185,SU
5186,SUI
5187,SUM
5188,SUMO
5189,SUMR
5190,SUN
5191,SUNL
5192,SUNS
5193,SUNW
5194,SUP
5195,SUPN
5196,SUPV
5197,SURF
5198,SURG
5199,SUZ
5200,SV
5201,SVC
5202,SVFA
5203,SVFAU
5204,SVFAW
5205,SVFB
5206,SVFC
5207,SVFD
5208,SVM
5209,SVRA
5210,SVSVU
5211,SVT
5212,SVVC
5213,SWAV
5214,SWBI
5215,SWCH
5216,SWET
5217,SWETU
5218,SWI
5219,SWIR
5220,SWK
5221,SWKH
5222,SWKS
5223,SWM
5224,SWN
5225,SWT
5226,SWTX
5227,SWX
5228,SWZ
5229,SXC
5230,SXI
5231,SXT
5232,SXTC
5233,SY
5234,SYBT
5235,SYBX
5236,SYF
5237,SYK
5238,SYN
5239,SYNA
5240,SYNH
5241,SYNL
5242,SYPR
5243,SYRS
5244,SYTA
5245,SYY
5246,SZC
5247,T
5248,TA
5249,TAC
5250,TACA
5251,TACO
5252,TACT
5253,TAIT
5254,TAK
5255,TAL
5256,TALK
5257,TALO
5258,TANH
5259,TANNI
5260,TANNL
5261,TANNZ
5262,TAOP
5263,TAP
5264,TARA
5265,TARO
5266,TARS
5267,TAST
5268,TATT
5269,TAYD
5270,TBB
5271,TBBK
5272,TBC
5273,TBCPU
5274,TBI
5275,TBK
5276,TBKCP
5277,TBLT
5278,TBLTW
5279,TBNK
5280,TBPH
5281,TC
5282,TCACU
5283,TCBI
5284,TCBK
5285,TCDA
5286,TCFC
5287,TCI
5288,TCMD
5289,TCOM
5290,TCON
5291,TCPC
5292,TCRR
5293,TCS
5294,TCX
5295,TD
5296,TDC
5297,TDF
5298,TDG
5299,TDOC
5300,TDS
5301,TDW
5302,TDY
5303,TEAF
5304,TEAM
5305,TECH
5306,TECK
5307,TECTP
5308,TEDU
5309,TEF
5310,TEI
5311,TEKK
5312,TEKKU
5313,TEKKW
5314,TEL
5315,TELA
5316,TELL
5317,TEN
5318,TENB
5319,TENX
5320,TEO
5321,TER
5322,TERN
5323,TESS
5324,TEVA
5325,TEX
5326,TFC
5327,TFFP
5328,TFII
5329,TFSA
5330,TFSL
5331,TFX
5332,TG
5333,TGA
5334,TGB
5335,TGH
5336,TGI
5337,TGLS
5338,TGNA
5339,TGP
5340,TGS
5341,TGT
5342,TGTX
5343,TH
5344,THC
5345,THCA
5346,THCAU
5347,THFF
5348,THG
5349,THM
5350,THMO
5351,THO
5352,THQ
5353,THR
5354,THRM
5355,THRY
5356,THS
5357,THTX
5358,THW
5359,TIG
5360,TIGO
5361,TIGR
5362,TILE
5363,TIMB
5364,TINV
5365,TIPT
5366,TIRX
5367,TISI
5368,TITN
5369,TIXT
5370,TJX
5371,TK
5372,TKAT
5373,TKC
5374,TKR
5375,TLIS
5376,TLK
5377,TLMD
5378,TLRY
5379,TLS
5380,TLSA
5381,TLYS
5382,TM
5383,TMBR
5384,TMDI
5385,TMDX
5386,TME
5387,TMHC
5388,TMKR
5389,TMKRU
5390,TMO
5391,TMP
5392,TMPM
5393,TMPMU
5394,TMQ
5395,TMST
5396,TMUS
5397,TMX
5398,TNC
5399,TNDM
5400,TNET
5401,TNGX
5402,TNK
5403,TNL
5404,TNP
5405,TNXP
5406,TOI
5407,TOL
5408,TOMZ
5409,TOPS
5410,TOUR
5411,TOWN
5412,TPB
5413,TPC
5414,TPGY
5415,TPH
5416,TPHS
5417,TPIC
5418,TPL
5419,TPR
5420,TPST
5421,TPTX
5422,TPVG
5423,TPX
5424,TPZ
5425,TR
5426,TRC
5427,TREB
5428,TREC
5429,TREE
5430,TREX
5431,TRGP
5432,TRHC
5433,TRI
5434,TRIB
5435,TRIN
5436,TRIP
5437,TRIT
5438,TRMB
5439,TRMD
5440,TRMK
5441,TRN
5442,TRNO
5443,TRNS
5444,TROO
5445,TROW
5446,TROX
5447,TRP
5448,TRQ
5449,TRS
5450,TRST
5451,TRT
5452,TRTN
5453,TRTX
5454,TRU
5455,TRUE
5456,TRUP
5457,TRV
5458,TRVG
5459,TRVI
5460,TRVN
5461,TRX
5462,TS
5463,TSAT
5464,TSBK
5465,TSC
5466,TSCAP
5467,TSCBP
5468,TSCO
5469,TSE
5470,TSEM
5471,TSHA
5472,TSI
5473,TSIBU
5474,TSLA
5475,TSLX
5476,TSM
5477,TSN
5478,TSQ
5479,TSRI
5480,TT
5481,TTC
5482,TTCF
5483,TTD
5484,TTE
5485,TTEC
5486,TTEK
5487,TTGT
5488,TTI
5489,TTM
5490,TTMI
5491,TTNP
5492,TTOO
5493,TTP
5494,TTSH
5495,TTWO
5496,TU
5497,TUEM
5498,TUFN
5499,TUP
5500,TURN
5501,TUSK
5502,TV
5503,TVAC
5504,TVC
5505,TVE
5506,TVTX
5507,TVTY
5508,TW
5509,TWI
5510,TWIN
5511,TWLO
5512,TWLVU
5513,TWN
5514,TWND
5515,TWNK
5516,TWO
5517,TWOU
5518,TWST
5519,TWTR
5520,TX
5521,TXG
5522,TXMD
5523,TXN
5524,TXRH
5525,TXT
5526,TY
5527,TYG
5528,TYL
5529,TYME
5530,TZOO
5531,TZPSU
5532,U
5533,UA
5534,UAA
5535,UAL
5536,UAMY
5537,UAN
5538,UAVS
5539,UBA
5540,UBCP
5541,UBER
5542,UBFO
5543,UBOH
5544,UBP
5545,UBS
5546,UBSI
5547,UBX
5548,UCBI
5549,UCBIO
5550,UCL
5551,UCTT
5552,UDR
5553,UE
5554,UEC
5555,UEIC
5556,UEPS
5557,UFAB
5558,UFCS
5559,UFI
5560,UFPI
5561,UFPT
5562,UG
5563,UGI
5564,UGP
5565,UGRO
5566,UHAL
5567,UHS
5568,UHT
5569,UI
5570,UIHC
5571,UIS
5572,UK
5573,UL
5574,ULBI
5575,ULH
5576,ULTA
5577,UMBF
5578,UMC
5579,UMH
5580,UMPQ
5581,UNAM
5582,UNB
5583,UNF
5584,UNFI
5585,UNH
5586,UNIT
5587,UNM
5588,UNMA
5589,UNP
5590,UNTY
5591,UNVR
5592,UONE
5593,UONEK
5594,UP
5595,UPH
5596,UPLD
5597,UPS
5598,UPST
5599,UPWK
5600,URBN
5601,URG
5602,URGN
5603,URI
5604,USA
5605,USAC
5606,USAK
5607,USAP
5608,USAS
5609,USAU
5610,USB
5611,USDP
5612,USEG
5613,USFD
5614,USIO
5615,USLM
5616,USM
5617,USNA
5618,USPH
5619,USWS
5620,USX
5621,UTF
5622,UTG
5623,UTHR
5624,UTI
5625,UTL
5626,UTMD
5627,UTSI
5628,UTZ
5629,UUU
5630,UUUU
5631,UVE
5632,UVSP
5633,UVV
5634,UWMC
5635,UXIN
5636,UZD
5637,UZE
5638,V
5639,VABK
5640,VAC
5641,VALE
5642,VALU
5643,VAPO
5644,VATE
5645,VBF
5646,VBFC
5647,VBIV
5648,VBLT
5649,VBTX
5650,VC
5651,VCEL
5652,VCF
5653,VCIF
5654,VCKA
5655,VCNX
5656,VCRA
5657,VCTR
5658,VCV
5659,VCYT
5660,VEC
5661,VECO
5662,VEEV
5663,VEL
5664,VELOU
5665,VEON
5666,VERB
5667,VERI
5668,VERO
5669,VERU
5670,VERX
5671,VERY
5672,VET
5673,VEV
5674,VFC
5675,VFF
5676,VFL
5677,VG
5678,VGI
5679,VGM
5680,VGR
5681,VGZ
5682,VHAQ
5683,VHC
5684,VHI
5685,VIA
5686,VIAC
5687,VIACA
5688,VIAO
5689,VIASP
5690,VIAV
5691,VICI
5692,VICR
5693,VIEW
5694,VII
5695,VIIAU
5696,VINC
5697,VINO
5698,VINP
5699,VIOT
5700,VIPS
5701,VIR
5702,VIRC
5703,VIRI
5704,VIRT
5705,VIRX
5706,VISL
5707,VIST
5708,VITL
5709,VIV
5710,VIVE
5711,VIVO
5712,VJET
5713,VKI
5714,VKQ
5715,VKTX
5716,VLD
5717,VLDR
5718,VLDRW
5719,VLGEA
5720,VLO
5721,VLON
5722,VLRS
5723,VLT
5724,VLTA
5725,VLY
5726,VLYPO
5727,VLYPP
5728,VMAC
5729,VMAR
5730,VMC
5731,VMD
5732,VMI
5733,VMM
5734,VMO
5735,VMW
5736,VNCE
5737,VNDA
5738,VNE
5739,VNET
5740,VNO
5741,VNOM
5742,VNRX
5743,VNT
5744,VNTR
5745,VOC
5746,VOD
5747,VOLT
5748,VOR
5749,VOXX
5750,VOYA
5751,VPCBU
5752,VPG
5753,VPV
5754,VQS
5755,VRA
5756,VRAY
5757,VRCA
5758,VRDN
5759,VREX
5760,VRM
5761,VRME
5762,VRNA
5763,VRNS
5764,VRNT
5765,VRPX
5766,VRRM
5767,VRS
5768,VRSK
5769,VRSN
5770,VRT
5771,VRTS
5772,VRTV
5773,VRTX
5774,VS
5775,VSAT
5776,VSEC
5777,VSH
5778,VST
5779,VSTA
5780,VSTM
5781,VSTO
5782,VTAQ
5783,VTGN
5784,VTIQ
5785,VTIQU
5786,VTIQW
5787,VTN
5788,VTNR
5789,VTOL
5790,VTR
5791,VTRS
5792,VTRU
5793,VTSI
5794,VTVT
5795,VUZI
5796,VVI
5797,VVNT
5798,VVOS
5799,VVPR
5800,VVR
5801,VVV
5802,VWE
5803,VWTR
5804,VXRT
5805,VYGG
5806,VYGR
5807,VYNE
5808,VYNT
5809,VZ
5810,W
5811,WAB
5812,WABC
5813,WAFD
5814,WAFDP
5815,WAFU
5816,WAL
5817,WASH
5818,WAT
5819,WATT
5820,WB
5821,WBA
5822,WBK
5823,WBS
5824,WBT
5825,WCC
5826,WCN
5827,WD
5828,WDAY
5829,WDC
5830,WDFC
5831,WEA
5832,WEC
5833,WEI
5834,WELL
5835,WEN
5836,WERN
5837,WES
5838,WETF
5839,WEX
5840,WEYS
5841,WF
5842,WFC
5843,WFCF
5844,WFG
5845,WFRD
5846,WGO
5847,WH
5848,WHD
5849,WHF
5850,WHG
5851,WHLM
5852,WHLR
5853,WHLRD
5854,WHLRP
5855,WHR
5856,WIA
5857,WILC
5858,WIMI
5859,WINA
5860,WING
5861,WINT
5862,WIRE
5863,WISA
5864,WISH
5865,WIT
5866,WIW
5867,WIX
5868,WK
5869,WKEY
5870,WKHS
5871,WKSP
5872,WLDN
5873,WLFC
5874,WLK
5875,WLKP
5876,WLL
5877,WLMS
5878,WLTW
5879,WM
5880,WMB
5881,WMC
5882,WMG
5883,WMK
5884,WMPN
5885,WMS
5886,WMT
5887,WNC
5888,WNEB
5889,WNS
5890,WNW
5891,WOLF
5892,WOOF
5893,WOR
5894,WORX
5895,WOW
5896,WPC
5897,WPM
5898,WPP
5899,WPRT
5900,WRAP
5901,WRB
5902,WRE
5903,WRK
5904,WRLD
5905,WRN
5906,WSBC
5907,WSBCP
5908,WSBF
5909,WSC
5910,WSFS
5911,WSM
5912,WSO
5913,WSR
5914,WST
5915,WSTG
5916,WTBA
5917,WTER
5918,WTFC
5919,WTFCM
5920,WTFCP
5921,WTI
5922,WTM
5923,WTRG
5924,WTRH
5925,WTRU
5926,WTS
5927,WTT
5928,WTTR
5929,WU
5930,WVE
5931,WVFC
5932,WVVI
5933,WVVIP
5934,WW
5935,WWD
5936,WWE
5937,WWR
5938,WWW
5939,WY
5940,WYNN
5941,WYY
5942,X
5943,XAIR
5944,XBIO
5945,XBIOW
5946,XBIT
5947,XCUR
5948,XEL
5949,XELA
5950,XELB
5951,XENE
5952,XENT
5953,XERS
5954,XFLT
5955,XFOR
5956,XGN
5957,XHR
5958,XIN
5959,XL
5960,XLNX
5961,XM
5962,XNCR
5963,XNET
5964,XOM
5965,XOMA
5966,XOMAP
5967,XOS
5968,XP
5969,XPEL
5970,XPER
5971,XPEV
5972,XPL
5973,XPO
5974,XPOA
5975,XPRO
5976,XRAY
5977,XRX
5978,XSPA
5979,XTLB
5980,XTNT
5981,XXII
5982,XYF
5983,XYL
5984,Y
5985,YALA
5986,YCBD
5987,YELL
5988,YELP
5989,YETI
5990,YEXT
5991,YGMZ
5992,YI
5993,YJ
5994,YMAB
5995,YMTX
5996,YNDX
5997,YORW
5998,YPF
5999,YQ
6000,YRD
6001,YSAC
6002,YSG
6003,YTEN
6004,YTRA
6005,YUM
6006,YUMC
6007,YVR
6008,YY
6009,Z
6010,ZBH
6011,ZBRA
6012,ZCMD
6013,ZD
6014,ZDGE
6015,ZEAL
6016,ZEN
6017,ZEPP
6018,ZEST
6019,ZEUS
6020,ZEV
6021,ZG
6022,ZGNX
6023,ZI
6024,ZIM
6025,ZION
6026,ZIONL
6027,ZIONO
6028,ZIONP
6029,ZIOP
6030,ZIVO
6031,ZKIN
6032,ZLAB
6033,ZM
6034,ZNGA
6035,ZNH
6036,ZNTE
6037,ZNTEU
6038,ZNTEW
6039,ZNTL
6040,ZOM
6041,ZS
6042,ZSAN
6043,ZTO
6044,ZTR
6045,ZTS
6046,ZUMZ
6047,ZUO
6048,ZVO
6049,ZWRKU
6050,ZWS
6051,ZYME
6052,ZYNE
6053,ZYXI
